exon	length	distribution
3	77	(prob=0.0008,cumulative=0.0008)
4	129	(prob=0.0013,cumulative=0.0020)
5	130	(prob=0.0013,cumulative=0.0033)
6	248	(prob=0.0025,cumulative=0.0058)
7	145	(prob=0.0014,cumulative=0.0072)
8	107	(prob=0.0011,cumulative=0.0083)
9	163	(prob=0.0016,cumulative=0.0099)
10	89	(prob=0.0009,cumulative=0.0108)
11	68	(prob=0.0007,cumulative=0.0115)
12	96	(prob=0.0010,cumulative=0.0124)
13	84	(prob=0.0008,cumulative=0.0133)
14	78	(prob=0.0008,cumulative=0.0141)
15	88	(prob=0.0009,cumulative=0.0149)
16	76	(prob=0.0008,cumulative=0.0157)
17	88	(prob=0.0009,cumulative=0.0166)
18	93	(prob=0.0009,cumulative=0.0175)
19	77	(prob=0.0008,cumulative=0.0183)
20	85	(prob=0.0008,cumulative=0.0191)
21	95	(prob=0.0009,cumulative=0.0200)
22	97	(prob=0.0010,cumulative=0.0210)
23	74	(prob=0.0007,cumulative=0.0217)
24	99	(prob=0.0010,cumulative=0.0227)
25	126	(prob=0.0013,cumulative=0.0240)
26	80	(prob=0.0008,cumulative=0.0248)
27	128	(prob=0.0013,cumulative=0.0260)
28	117	(prob=0.0012,cumulative=0.0272)
29	80	(prob=0.0008,cumulative=0.0280)
30	131	(prob=0.0013,cumulative=0.0293)
31	125	(prob=0.0012,cumulative=0.0305)
32	101	(prob=0.0010,cumulative=0.0316)
33	119	(prob=0.0012,cumulative=0.0327)
34	118	(prob=0.0012,cumulative=0.0339)
35	112	(prob=0.0011,cumulative=0.0350)
36	110	(prob=0.0011,cumulative=0.0361)
37	157	(prob=0.0016,cumulative=0.0377)
38	109	(prob=0.0011,cumulative=0.0388)
39	150	(prob=0.0015,cumulative=0.0402)
40	141	(prob=0.0014,cumulative=0.0417)
41	124	(prob=0.0012,cumulative=0.0429)
42	157	(prob=0.0016,cumulative=0.0444)
43	132	(prob=0.0013,cumulative=0.0458)
44	146	(prob=0.0015,cumulative=0.0472)
45	169	(prob=0.0017,cumulative=0.0489)
46	196	(prob=0.0019,cumulative=0.0508)
47	148	(prob=0.0015,cumulative=0.0523)
48	178	(prob=0.0018,cumulative=0.0541)
49	179	(prob=0.0018,cumulative=0.0559)
50	189	(prob=0.0019,cumulative=0.0577)
51	235	(prob=0.0023,cumulative=0.0601)
52	222	(prob=0.0022,cumulative=0.0623)
53	228	(prob=0.0023,cumulative=0.0645)
54	301	(prob=0.0030,cumulative=0.0675)
55	276	(prob=0.0027,cumulative=0.0703)
56	229	(prob=0.0023,cumulative=0.0726)
57	308	(prob=0.0031,cumulative=0.0756)
58	275	(prob=0.0027,cumulative=0.0784)
59	255	(prob=0.0025,cumulative=0.0809)
60	322	(prob=0.0032,cumulative=0.0841)
61	302	(prob=0.0030,cumulative=0.0871)
62	318	(prob=0.0032,cumulative=0.0903)
63	390	(prob=0.0039,cumulative=0.0941)
64	326	(prob=0.0032,cumulative=0.0974)
65	332	(prob=0.0033,cumulative=0.1007)
66	366	(prob=0.0036,cumulative=0.1043)
67	330	(prob=0.0033,cumulative=0.1076)
68	326	(prob=0.0032,cumulative=0.1108)
69	419	(prob=0.0042,cumulative=0.1150)
70	359	(prob=0.0036,cumulative=0.1186)
71	370	(prob=0.0037,cumulative=0.1222)
72	421	(prob=0.0042,cumulative=0.1264)
73	369	(prob=0.0037,cumulative=0.1301)
74	393	(prob=0.0039,cumulative=0.1340)
75	436	(prob=0.0043,cumulative=0.1383)
76	364	(prob=0.0036,cumulative=0.1420)
77	380	(prob=0.0038,cumulative=0.1457)
78	444	(prob=0.0044,cumulative=0.1501)
79	367	(prob=0.0036,cumulative=0.1538)
80	390	(prob=0.0039,cumulative=0.1577)
81	432	(prob=0.0043,cumulative=0.1620)
82	380	(prob=0.0038,cumulative=0.1657)
83	426	(prob=0.0042,cumulative=0.1700)
84	509	(prob=0.0051,cumulative=0.1750)
85	388	(prob=0.0039,cumulative=0.1789)
86	450	(prob=0.0045,cumulative=0.1834)
87	478	(prob=0.0048,cumulative=0.1881)
88	414	(prob=0.0041,cumulative=0.1922)
89	457	(prob=0.0045,cumulative=0.1968)
90	494	(prob=0.0049,cumulative=0.2017)
91	398	(prob=0.0040,cumulative=0.2056)
92	416	(prob=0.0041,cumulative=0.2098)
93	462	(prob=0.0046,cumulative=0.2144)
94	426	(prob=0.0042,cumulative=0.2186)
95	404	(prob=0.0040,cumulative=0.2226)
96	507	(prob=0.0050,cumulative=0.2277)
97	458	(prob=0.0046,cumulative=0.2322)
98	432	(prob=0.0043,cumulative=0.2365)
99	502	(prob=0.0050,cumulative=0.2415)
100	472	(prob=0.0047,cumulative=0.2462)
101	433	(prob=0.0043,cumulative=0.2505)
102	502	(prob=0.0050,cumulative=0.2555)
103	454	(prob=0.0045,cumulative=0.2600)
104	425	(prob=0.0042,cumulative=0.2642)
105	459	(prob=0.0046,cumulative=0.2688)
106	428	(prob=0.0043,cumulative=0.2730)
107	422	(prob=0.0042,cumulative=0.2772)
108	497	(prob=0.0049,cumulative=0.2822)
109	428	(prob=0.0043,cumulative=0.2864)
110	465	(prob=0.0046,cumulative=0.2911)
111	452	(prob=0.0045,cumulative=0.2955)
112	437	(prob=0.0043,cumulative=0.2999)
113	453	(prob=0.0045,cumulative=0.3044)
114	529	(prob=0.0053,cumulative=0.3097)
115	424	(prob=0.0042,cumulative=0.3139)
116	423	(prob=0.0042,cumulative=0.3181)
117	499	(prob=0.0050,cumulative=0.3230)
118	398	(prob=0.0040,cumulative=0.3270)
119	407	(prob=0.0040,cumulative=0.3310)
120	530	(prob=0.0053,cumulative=0.3363)
121	443	(prob=0.0044,cumulative=0.3407)
122	422	(prob=0.0042,cumulative=0.3449)
123	461	(prob=0.0046,cumulative=0.3495)
124	427	(prob=0.0042,cumulative=0.3537)
125	408	(prob=0.0041,cumulative=0.3578)
126	458	(prob=0.0046,cumulative=0.3623)
127	406	(prob=0.0040,cumulative=0.3664)
128	397	(prob=0.0039,cumulative=0.3703)
129	481	(prob=0.0048,cumulative=0.3751)
130	399	(prob=0.0040,cumulative=0.3791)
131	428	(prob=0.0043,cumulative=0.3833)
132	451	(prob=0.0045,cumulative=0.3878)
133	360	(prob=0.0036,cumulative=0.3914)
134	366	(prob=0.0036,cumulative=0.3950)
135	472	(prob=0.0047,cumulative=0.3997)
136	357	(prob=0.0035,cumulative=0.4033)
137	419	(prob=0.0042,cumulative=0.4074)
138	440	(prob=0.0044,cumulative=0.4118)
139	398	(prob=0.0040,cumulative=0.4158)
140	387	(prob=0.0038,cumulative=0.4196)
141	409	(prob=0.0041,cumulative=0.4237)
142	391	(prob=0.0039,cumulative=0.4276)
143	375	(prob=0.0037,cumulative=0.4313)
144	468	(prob=0.0047,cumulative=0.4359)
145	379	(prob=0.0038,cumulative=0.4397)
146	364	(prob=0.0036,cumulative=0.4433)
147	411	(prob=0.0041,cumulative=0.4474)
148	358	(prob=0.0036,cumulative=0.4510)
149	359	(prob=0.0036,cumulative=0.4545)
150	471	(prob=0.0047,cumulative=0.4592)
151	366	(prob=0.0036,cumulative=0.4629)
152	370	(prob=0.0037,cumulative=0.4665)
153	396	(prob=0.0039,cumulative=0.4705)
154	357	(prob=0.0035,cumulative=0.4740)
155	387	(prob=0.0038,cumulative=0.4779)
156	413	(prob=0.0041,cumulative=0.4820)
157	360	(prob=0.0036,cumulative=0.4856)
158	372	(prob=0.0037,cumulative=0.4892)
159	412	(prob=0.0041,cumulative=0.4933)
160	315	(prob=0.0031,cumulative=0.4965)
161	345	(prob=0.0034,cumulative=0.4999)
162	414	(prob=0.0041,cumulative=0.5040)
163	360	(prob=0.0036,cumulative=0.5076)
164	362	(prob=0.0036,cumulative=0.5112)
165	406	(prob=0.0040,cumulative=0.5152)
166	363	(prob=0.0036,cumulative=0.5188)
167	351	(prob=0.0035,cumulative=0.5223)
168	409	(prob=0.0041,cumulative=0.5264)
169	351	(prob=0.0035,cumulative=0.5299)
170	329	(prob=0.0033,cumulative=0.5332)
171	382	(prob=0.0038,cumulative=0.5370)
172	293	(prob=0.0029,cumulative=0.5399)
173	330	(prob=0.0033,cumulative=0.5431)
174	378	(prob=0.0038,cumulative=0.5469)
175	314	(prob=0.0031,cumulative=0.5500)
176	313	(prob=0.0031,cumulative=0.5531)
177	375	(prob=0.0037,cumulative=0.5569)
178	358	(prob=0.0036,cumulative=0.5604)
179	339	(prob=0.0034,cumulative=0.5638)
180	380	(prob=0.0038,cumulative=0.5676)
181	288	(prob=0.0029,cumulative=0.5704)
182	280	(prob=0.0028,cumulative=0.5732)
183	385	(prob=0.0038,cumulative=0.5770)
184	327	(prob=0.0033,cumulative=0.5803)
185	296	(prob=0.0029,cumulative=0.5832)
186	357	(prob=0.0035,cumulative=0.5868)
187	281	(prob=0.0028,cumulative=0.5896)
188	316	(prob=0.0031,cumulative=0.5927)
189	333	(prob=0.0033,cumulative=0.5960)
190	306	(prob=0.0030,cumulative=0.5991)
191	282	(prob=0.0028,cumulative=0.6019)
192	331	(prob=0.0033,cumulative=0.6052)
193	260	(prob=0.0026,cumulative=0.6078)
194	257	(prob=0.0026,cumulative=0.6103)
195	338	(prob=0.0034,cumulative=0.6137)
196	258	(prob=0.0026,cumulative=0.6162)
197	294	(prob=0.0029,cumulative=0.6192)
198	314	(prob=0.0031,cumulative=0.6223)
199	235	(prob=0.0023,cumulative=0.6246)
200	246	(prob=0.0024,cumulative=0.6271)
201	321	(prob=0.0032,cumulative=0.6302)
202	270	(prob=0.0027,cumulative=0.6329)
203	259	(prob=0.0026,cumulative=0.6355)
204	290	(prob=0.0029,cumulative=0.6384)
205	293	(prob=0.0029,cumulative=0.6413)
206	278	(prob=0.0028,cumulative=0.6441)
207	268	(prob=0.0027,cumulative=0.6467)
208	251	(prob=0.0025,cumulative=0.6492)
209	278	(prob=0.0028,cumulative=0.6520)
210	299	(prob=0.0030,cumulative=0.6550)
211	238	(prob=0.0024,cumulative=0.6573)
212	279	(prob=0.0028,cumulative=0.6601)
213	270	(prob=0.0027,cumulative=0.6628)
214	238	(prob=0.0024,cumulative=0.6651)
215	257	(prob=0.0026,cumulative=0.6677)
216	278	(prob=0.0028,cumulative=0.6705)
217	244	(prob=0.0024,cumulative=0.6729)
218	257	(prob=0.0026,cumulative=0.6754)
219	275	(prob=0.0027,cumulative=0.6782)
220	245	(prob=0.0024,cumulative=0.6806)
221	227	(prob=0.0023,cumulative=0.6829)
222	267	(prob=0.0027,cumulative=0.6855)
223	258	(prob=0.0026,cumulative=0.6881)
224	236	(prob=0.0023,cumulative=0.6904)
225	264	(prob=0.0026,cumulative=0.6931)
226	231	(prob=0.0023,cumulative=0.6954)
227	193	(prob=0.0019,cumulative=0.6973)
228	235	(prob=0.0023,cumulative=0.6996)
229	209	(prob=0.0021,cumulative=0.7017)
230	214	(prob=0.0021,cumulative=0.7038)
231	239	(prob=0.0024,cumulative=0.7062)
232	207	(prob=0.0021,cumulative=0.7083)
233	239	(prob=0.0024,cumulative=0.7106)
234	245	(prob=0.0024,cumulative=0.7131)
235	205	(prob=0.0020,cumulative=0.7151)
236	234	(prob=0.0023,cumulative=0.7174)
237	218	(prob=0.0022,cumulative=0.7196)
238	201	(prob=0.0020,cumulative=0.7216)
239	234	(prob=0.0023,cumulative=0.7239)
240	236	(prob=0.0023,cumulative=0.7263)
241	166	(prob=0.0017,cumulative=0.7279)
242	195	(prob=0.0019,cumulative=0.7299)
243	246	(prob=0.0024,cumulative=0.7323)
244	204	(prob=0.0020,cumulative=0.7343)
245	204	(prob=0.0020,cumulative=0.7364)
246	213	(prob=0.0021,cumulative=0.7385)
247	177	(prob=0.0018,cumulative=0.7402)
248	176	(prob=0.0017,cumulative=0.7420)
249	232	(prob=0.0023,cumulative=0.7443)
250	189	(prob=0.0019,cumulative=0.7462)
251	188	(prob=0.0019,cumulative=0.7480)
252	209	(prob=0.0021,cumulative=0.7501)
253	176	(prob=0.0017,cumulative=0.7519)
254	198	(prob=0.0020,cumulative=0.7538)
255	210	(prob=0.0021,cumulative=0.7559)
256	166	(prob=0.0017,cumulative=0.7576)
257	200	(prob=0.0020,cumulative=0.7596)
258	217	(prob=0.0022,cumulative=0.7617)
259	176	(prob=0.0017,cumulative=0.7635)
260	183	(prob=0.0018,cumulative=0.7653)
261	169	(prob=0.0017,cumulative=0.7670)
262	148	(prob=0.0015,cumulative=0.7684)
263	138	(prob=0.0014,cumulative=0.7698)
264	181	(prob=0.0018,cumulative=0.7716)
265	163	(prob=0.0016,cumulative=0.7732)
266	155	(prob=0.0015,cumulative=0.7748)
267	154	(prob=0.0015,cumulative=0.7763)
268	150	(prob=0.0015,cumulative=0.7778)
269	142	(prob=0.0014,cumulative=0.7792)
270	171	(prob=0.0017,cumulative=0.7809)
271	128	(prob=0.0013,cumulative=0.7822)
272	152	(prob=0.0015,cumulative=0.7837)
273	162	(prob=0.0016,cumulative=0.7853)
274	152	(prob=0.0015,cumulative=0.7868)
275	132	(prob=0.0013,cumulative=0.7881)
276	165	(prob=0.0016,cumulative=0.7898)
277	122	(prob=0.0012,cumulative=0.7910)
278	137	(prob=0.0014,cumulative=0.7923)
279	156	(prob=0.0016,cumulative=0.7939)
280	129	(prob=0.0013,cumulative=0.7952)
281	138	(prob=0.0014,cumulative=0.7965)
282	159	(prob=0.0016,cumulative=0.7981)
283	132	(prob=0.0013,cumulative=0.7994)
284	98	(prob=0.0010,cumulative=0.8004)
285	172	(prob=0.0017,cumulative=0.8021)
286	141	(prob=0.0014,cumulative=0.8035)
287	119	(prob=0.0012,cumulative=0.8047)
288	128	(prob=0.0013,cumulative=0.8060)
289	119	(prob=0.0012,cumulative=0.8072)
290	139	(prob=0.0014,cumulative=0.8085)
291	132	(prob=0.0013,cumulative=0.8098)
292	118	(prob=0.0012,cumulative=0.8110)
293	134	(prob=0.0013,cumulative=0.8124)
294	128	(prob=0.0013,cumulative=0.8136)
295	136	(prob=0.0014,cumulative=0.8150)
296	105	(prob=0.0010,cumulative=0.8160)
297	142	(prob=0.0014,cumulative=0.8174)
298	107	(prob=0.0011,cumulative=0.8185)
299	112	(prob=0.0011,cumulative=0.8196)
300	123	(prob=0.0012,cumulative=0.8208)
301	107	(prob=0.0011,cumulative=0.8219)
302	112	(prob=0.0011,cumulative=0.8230)
303	141	(prob=0.0014,cumulative=0.8244)
304	94	(prob=0.0009,cumulative=0.8253)
305	109	(prob=0.0011,cumulative=0.8264)
306	123	(prob=0.0012,cumulative=0.8276)
307	100	(prob=0.0010,cumulative=0.8286)
308	107	(prob=0.0011,cumulative=0.8297)
309	116	(prob=0.0012,cumulative=0.8309)
310	114	(prob=0.0011,cumulative=0.8320)
311	103	(prob=0.0010,cumulative=0.8330)
312	126	(prob=0.0013,cumulative=0.8343)
313	96	(prob=0.0010,cumulative=0.8352)
314	101	(prob=0.0010,cumulative=0.8362)
315	116	(prob=0.0012,cumulative=0.8374)
316	99	(prob=0.0010,cumulative=0.8384)
317	94	(prob=0.0009,cumulative=0.8393)
318	126	(prob=0.0013,cumulative=0.8406)
319	103	(prob=0.0010,cumulative=0.8416)
320	79	(prob=0.0008,cumulative=0.8424)
321	116	(prob=0.0012,cumulative=0.8435)
322	68	(prob=0.0007,cumulative=0.8442)
323	99	(prob=0.0010,cumulative=0.8452)
324	112	(prob=0.0011,cumulative=0.8463)
325	93	(prob=0.0009,cumulative=0.8472)
326	101	(prob=0.0010,cumulative=0.8482)
327	104	(prob=0.0010,cumulative=0.8492)
328	82	(prob=0.0008,cumulative=0.8501)
329	91	(prob=0.0009,cumulative=0.8510)
330	115	(prob=0.0011,cumulative=0.8521)
331	80	(prob=0.0008,cumulative=0.8529)
332	86	(prob=0.0009,cumulative=0.8538)
333	93	(prob=0.0009,cumulative=0.8547)
334	66	(prob=0.0007,cumulative=0.8553)
335	102	(prob=0.0010,cumulative=0.8564)
336	103	(prob=0.0010,cumulative=0.8574)
337	67	(prob=0.0007,cumulative=0.8580)
338	75	(prob=0.0007,cumulative=0.8588)
339	92	(prob=0.0009,cumulative=0.8597)
340	90	(prob=0.0009,cumulative=0.8606)
341	78	(prob=0.0008,cumulative=0.8614)
342	89	(prob=0.0009,cumulative=0.8623)
343	75	(prob=0.0007,cumulative=0.8630)
344	63	(prob=0.0006,cumulative=0.8636)
345	80	(prob=0.0008,cumulative=0.8644)
346	81	(prob=0.0008,cumulative=0.8652)
347	70	(prob=0.0007,cumulative=0.8659)
348	100	(prob=0.0010,cumulative=0.8669)
349	57	(prob=0.0006,cumulative=0.8675)
350	61	(prob=0.0006,cumulative=0.8681)
351	73	(prob=0.0007,cumulative=0.8688)
352	72	(prob=0.0007,cumulative=0.8695)
353	66	(prob=0.0007,cumulative=0.8702)
354	79	(prob=0.0008,cumulative=0.8710)
355	66	(prob=0.0007,cumulative=0.8716)
356	81	(prob=0.0008,cumulative=0.8724)
357	97	(prob=0.0010,cumulative=0.8734)
358	71	(prob=0.0007,cumulative=0.8741)
359	67	(prob=0.0007,cumulative=0.8748)
360	91	(prob=0.0009,cumulative=0.8757)
361	61	(prob=0.0006,cumulative=0.8763)
362	79	(prob=0.0008,cumulative=0.8771)
363	83	(prob=0.0008,cumulative=0.8779)
364	73	(prob=0.0007,cumulative=0.8786)
365	60	(prob=0.0006,cumulative=0.8792)
366	70	(prob=0.0007,cumulative=0.8799)
367	67	(prob=0.0007,cumulative=0.8806)
368	80	(prob=0.0008,cumulative=0.8814)
369	75	(prob=0.0007,cumulative=0.8821)
370	66	(prob=0.0007,cumulative=0.8828)
371	59	(prob=0.0006,cumulative=0.8834)
372	54	(prob=0.0005,cumulative=0.8839)
373	52	(prob=0.0005,cumulative=0.8844)
374	54	(prob=0.0005,cumulative=0.8850)
375	62	(prob=0.0006,cumulative=0.8856)
376	53	(prob=0.0005,cumulative=0.8861)
377	63	(prob=0.0006,cumulative=0.8867)
378	73	(prob=0.0007,cumulative=0.8875)
379	50	(prob=0.0005,cumulative=0.8879)
380	55	(prob=0.0005,cumulative=0.8885)
381	60	(prob=0.0006,cumulative=0.8891)
382	57	(prob=0.0006,cumulative=0.8897)
383	50	(prob=0.0005,cumulative=0.8902)
384	46	(prob=0.0005,cumulative=0.8906)
385	45	(prob=0.0004,cumulative=0.8911)
386	45	(prob=0.0004,cumulative=0.8915)
387	44	(prob=0.0004,cumulative=0.8919)
388	53	(prob=0.0005,cumulative=0.8925)
389	36	(prob=0.0004,cumulative=0.8928)
390	59	(prob=0.0006,cumulative=0.8934)
391	44	(prob=0.0004,cumulative=0.8939)
392	51	(prob=0.0005,cumulative=0.8944)
393	69	(prob=0.0007,cumulative=0.8950)
394	56	(prob=0.0006,cumulative=0.8956)
395	48	(prob=0.0005,cumulative=0.8961)
396	58	(prob=0.0006,cumulative=0.8967)
397	51	(prob=0.0005,cumulative=0.8972)
398	34	(prob=0.0003,cumulative=0.8975)
399	41	(prob=0.0004,cumulative=0.8979)
400	28	(prob=0.0003,cumulative=0.8982)
401	48	(prob=0.0005,cumulative=0.8987)
402	51	(prob=0.0005,cumulative=0.8992)
403	34	(prob=0.0003,cumulative=0.8995)
404	41	(prob=0.0004,cumulative=0.8999)
405	53	(prob=0.0005,cumulative=0.9004)
406	49	(prob=0.0005,cumulative=0.9009)
407	34	(prob=0.0003,cumulative=0.9013)
408	47	(prob=0.0005,cumulative=0.9017)
409	51	(prob=0.0005,cumulative=0.9022)
410	54	(prob=0.0005,cumulative=0.9028)
411	78	(prob=0.0008,cumulative=0.9036)
412	43	(prob=0.0004,cumulative=0.9040)
413	30	(prob=0.0003,cumulative=0.9043)
414	56	(prob=0.0006,cumulative=0.9048)
415	37	(prob=0.0004,cumulative=0.9052)
416	37	(prob=0.0004,cumulative=0.9056)
417	48	(prob=0.0005,cumulative=0.9061)
418	22	(prob=0.0002,cumulative=0.9063)
419	35	(prob=0.0003,cumulative=0.9066)
420	49	(prob=0.0005,cumulative=0.9071)
421	49	(prob=0.0005,cumulative=0.9076)
422	34	(prob=0.0003,cumulative=0.9079)
423	62	(prob=0.0006,cumulative=0.9085)
424	41	(prob=0.0004,cumulative=0.9090)
425	55	(prob=0.0005,cumulative=0.9095)
426	48	(prob=0.0005,cumulative=0.9100)
427	39	(prob=0.0004,cumulative=0.9104)
428	45	(prob=0.0004,cumulative=0.9108)
429	48	(prob=0.0005,cumulative=0.9113)
430	26	(prob=0.0003,cumulative=0.9115)
431	36	(prob=0.0004,cumulative=0.9119)
432	51	(prob=0.0005,cumulative=0.9124)
433	25	(prob=0.0002,cumulative=0.9127)
434	24	(prob=0.0002,cumulative=0.9129)
435	47	(prob=0.0005,cumulative=0.9134)
436	30	(prob=0.0003,cumulative=0.9137)
437	17	(prob=0.0002,cumulative=0.9138)
438	39	(prob=0.0004,cumulative=0.9142)
439	42	(prob=0.0004,cumulative=0.9146)
440	29	(prob=0.0003,cumulative=0.9149)
441	37	(prob=0.0004,cumulative=0.9153)
442	35	(prob=0.0003,cumulative=0.9156)
443	41	(prob=0.0004,cumulative=0.9161)
444	40	(prob=0.0004,cumulative=0.9164)
445	38	(prob=0.0004,cumulative=0.9168)
446	39	(prob=0.0004,cumulative=0.9172)
447	30	(prob=0.0003,cumulative=0.9175)
448	25	(prob=0.0002,cumulative=0.9178)
449	30	(prob=0.0003,cumulative=0.9181)
450	32	(prob=0.0003,cumulative=0.9184)
451	39	(prob=0.0004,cumulative=0.9188)
452	23	(prob=0.0002,cumulative=0.9190)
453	38	(prob=0.0004,cumulative=0.9194)
454	26	(prob=0.0003,cumulative=0.9196)
455	19	(prob=0.0002,cumulative=0.9198)
456	45	(prob=0.0004,cumulative=0.9203)
457	24	(prob=0.0002,cumulative=0.9205)
458	22	(prob=0.0002,cumulative=0.9207)
459	40	(prob=0.0004,cumulative=0.9211)
460	33	(prob=0.0003,cumulative=0.9214)
461	19	(prob=0.0002,cumulative=0.9216)
462	29	(prob=0.0003,cumulative=0.9219)
463	23	(prob=0.0002,cumulative=0.9222)
464	32	(prob=0.0003,cumulative=0.9225)
465	47	(prob=0.0005,cumulative=0.9229)
466	21	(prob=0.0002,cumulative=0.9231)
467	39	(prob=0.0004,cumulative=0.9235)
468	32	(prob=0.0003,cumulative=0.9239)
469	25	(prob=0.0002,cumulative=0.9241)
470	22	(prob=0.0002,cumulative=0.9243)
471	44	(prob=0.0004,cumulative=0.9248)
472	23	(prob=0.0002,cumulative=0.9250)
473	30	(prob=0.0003,cumulative=0.9253)
474	39	(prob=0.0004,cumulative=0.9257)
475	22	(prob=0.0002,cumulative=0.9259)
476	38	(prob=0.0004,cumulative=0.9263)
477	27	(prob=0.0003,cumulative=0.9265)
478	17	(prob=0.0002,cumulative=0.9267)
479	22	(prob=0.0002,cumulative=0.9269)
480	43	(prob=0.0004,cumulative=0.9274)
481	21	(prob=0.0002,cumulative=0.9276)
482	32	(prob=0.0003,cumulative=0.9279)
483	34	(prob=0.0003,cumulative=0.9282)
484	19	(prob=0.0002,cumulative=0.9284)
485	17	(prob=0.0002,cumulative=0.9286)
486	29	(prob=0.0003,cumulative=0.9289)
487	23	(prob=0.0002,cumulative=0.9291)
488	22	(prob=0.0002,cumulative=0.9293)
489	34	(prob=0.0003,cumulative=0.9296)
490	19	(prob=0.0002,cumulative=0.9298)
491	23	(prob=0.0002,cumulative=0.9301)
492	31	(prob=0.0003,cumulative=0.9304)
493	23	(prob=0.0002,cumulative=0.9306)
494	26	(prob=0.0003,cumulative=0.9309)
495	39	(prob=0.0004,cumulative=0.9313)
496	30	(prob=0.0003,cumulative=0.9315)
497	16	(prob=0.0002,cumulative=0.9317)
498	25	(prob=0.0002,cumulative=0.9320)
499	23	(prob=0.0002,cumulative=0.9322)
500	18	(prob=0.0002,cumulative=0.9324)
501	18	(prob=0.0002,cumulative=0.9325)
502	23	(prob=0.0002,cumulative=0.9328)
503	27	(prob=0.0003,cumulative=0.9330)
504	39	(prob=0.0004,cumulative=0.9334)
505	22	(prob=0.0002,cumulative=0.9336)
506	21	(prob=0.0002,cumulative=0.9339)
507	29	(prob=0.0003,cumulative=0.9341)
508	24	(prob=0.0002,cumulative=0.9344)
509	18	(prob=0.0002,cumulative=0.9346)
510	23	(prob=0.0002,cumulative=0.9348)
511	15	(prob=0.0001,cumulative=0.9349)
512	17	(prob=0.0002,cumulative=0.9351)
513	28	(prob=0.0003,cumulative=0.9354)
514	22	(prob=0.0002,cumulative=0.9356)
515	15	(prob=0.0001,cumulative=0.9358)
516	24	(prob=0.0002,cumulative=0.9360)
517	23	(prob=0.0002,cumulative=0.9362)
518	17	(prob=0.0002,cumulative=0.9364)
519	28	(prob=0.0003,cumulative=0.9367)
520	14	(prob=0.0001,cumulative=0.9368)
521	15	(prob=0.0001,cumulative=0.9370)
522	23	(prob=0.0002,cumulative=0.9372)
523	25	(prob=0.0002,cumulative=0.9374)
524	11	(prob=0.0001,cumulative=0.9375)
525	31	(prob=0.0003,cumulative=0.9379)
526	24	(prob=0.0002,cumulative=0.9381)
527	20	(prob=0.0002,cumulative=0.9383)
528	19	(prob=0.0002,cumulative=0.9385)
529	23	(prob=0.0002,cumulative=0.9387)
530	21	(prob=0.0002,cumulative=0.9389)
531	31	(prob=0.0003,cumulative=0.9392)
532	16	(prob=0.0002,cumulative=0.9394)
533	22	(prob=0.0002,cumulative=0.9396)
534	34	(prob=0.0003,cumulative=0.9399)
535	23	(prob=0.0002,cumulative=0.9402)
536	17	(prob=0.0002,cumulative=0.9403)
537	31	(prob=0.0003,cumulative=0.9406)
538	16	(prob=0.0002,cumulative=0.9408)
539	16	(prob=0.0002,cumulative=0.9410)
540	18	(prob=0.0002,cumulative=0.9411)
541	18	(prob=0.0002,cumulative=0.9413)
542	18	(prob=0.0002,cumulative=0.9415)
543	30	(prob=0.0003,cumulative=0.9418)
544	20	(prob=0.0002,cumulative=0.9420)
545	18	(prob=0.0002,cumulative=0.9422)
546	21	(prob=0.0002,cumulative=0.9424)
547	28	(prob=0.0003,cumulative=0.9427)
548	19	(prob=0.0002,cumulative=0.9429)
549	21	(prob=0.0002,cumulative=0.9431)
550	20	(prob=0.0002,cumulative=0.9433)
551	13	(prob=0.0001,cumulative=0.9434)
552	18	(prob=0.0002,cumulative=0.9436)
553	25	(prob=0.0002,cumulative=0.9438)
554	9	(prob=0.0001,cumulative=0.9439)
555	27	(prob=0.0003,cumulative=0.9442)
556	12	(prob=0.0001,cumulative=0.9443)
557	13	(prob=0.0001,cumulative=0.9444)
558	15	(prob=0.0001,cumulative=0.9446)
559	19	(prob=0.0002,cumulative=0.9448)
560	11	(prob=0.0001,cumulative=0.9449)
561	16	(prob=0.0002,cumulative=0.9450)
562	15	(prob=0.0001,cumulative=0.9452)
563	9	(prob=0.0001,cumulative=0.9453)
564	17	(prob=0.0002,cumulative=0.9454)
565	10	(prob=0.0001,cumulative=0.9455)
566	14	(prob=0.0001,cumulative=0.9457)
567	21	(prob=0.0002,cumulative=0.9459)
568	16	(prob=0.0002,cumulative=0.9460)
569	17	(prob=0.0002,cumulative=0.9462)
570	17	(prob=0.0002,cumulative=0.9464)
571	26	(prob=0.0003,cumulative=0.9466)
572	10	(prob=0.0001,cumulative=0.9467)
573	27	(prob=0.0003,cumulative=0.9470)
574	15	(prob=0.0001,cumulative=0.9472)
575	13	(prob=0.0001,cumulative=0.9473)
576	16	(prob=0.0002,cumulative=0.9474)
577	15	(prob=0.0001,cumulative=0.9476)
578	7	(prob=0.0001,cumulative=0.9477)
579	14	(prob=0.0001,cumulative=0.9478)
580	10	(prob=0.0001,cumulative=0.9479)
581	14	(prob=0.0001,cumulative=0.9480)
582	15	(prob=0.0001,cumulative=0.9482)
583	12	(prob=0.0001,cumulative=0.9483)
584	9	(prob=0.0001,cumulative=0.9484)
585	16	(prob=0.0002,cumulative=0.9486)
586	6	(prob=0.0001,cumulative=0.9486)
587	16	(prob=0.0002,cumulative=0.9488)
588	17	(prob=0.0002,cumulative=0.9489)
589	12	(prob=0.0001,cumulative=0.9491)
590	21	(prob=0.0002,cumulative=0.9493)
591	12	(prob=0.0001,cumulative=0.9494)
592	16	(prob=0.0002,cumulative=0.9496)
593	8	(prob=0.0001,cumulative=0.9496)
594	18	(prob=0.0002,cumulative=0.9498)
595	17	(prob=0.0002,cumulative=0.9500)
596	8	(prob=0.0001,cumulative=0.9501)
597	17	(prob=0.0002,cumulative=0.9502)
598	14	(prob=0.0001,cumulative=0.9504)
599	15	(prob=0.0001,cumulative=0.9505)
600	28	(prob=0.0003,cumulative=0.9508)
601	13	(prob=0.0001,cumulative=0.9509)
602	12	(prob=0.0001,cumulative=0.9510)
603	16	(prob=0.0002,cumulative=0.9512)
604	10	(prob=0.0001,cumulative=0.9513)
605	11	(prob=0.0001,cumulative=0.9514)
606	22	(prob=0.0002,cumulative=0.9516)
607	14	(prob=0.0001,cumulative=0.9518)
608	10	(prob=0.0001,cumulative=0.9519)
609	19	(prob=0.0002,cumulative=0.9521)
610	16	(prob=0.0002,cumulative=0.9522)
611	9	(prob=0.0001,cumulative=0.9523)
612	16	(prob=0.0002,cumulative=0.9525)
613	8	(prob=0.0001,cumulative=0.9525)
614	17	(prob=0.0002,cumulative=0.9527)
615	23	(prob=0.0002,cumulative=0.9529)
616	9	(prob=0.0001,cumulative=0.9530)
617	13	(prob=0.0001,cumulative=0.9532)
618	12	(prob=0.0001,cumulative=0.9533)
619	4	(prob=0.0000,cumulative=0.9533)
620	7	(prob=0.0001,cumulative=0.9534)
621	17	(prob=0.0002,cumulative=0.9536)
622	8	(prob=0.0001,cumulative=0.9536)
623	21	(prob=0.0002,cumulative=0.9538)
624	12	(prob=0.0001,cumulative=0.9540)
625	12	(prob=0.0001,cumulative=0.9541)
626	14	(prob=0.0001,cumulative=0.9542)
627	12	(prob=0.0001,cumulative=0.9543)
628	9	(prob=0.0001,cumulative=0.9544)
629	9	(prob=0.0001,cumulative=0.9545)
630	12	(prob=0.0001,cumulative=0.9546)
631	8	(prob=0.0001,cumulative=0.9547)
632	11	(prob=0.0001,cumulative=0.9548)
633	19	(prob=0.0002,cumulative=0.9550)
634	8	(prob=0.0001,cumulative=0.9551)
635	10	(prob=0.0001,cumulative=0.9552)
636	8	(prob=0.0001,cumulative=0.9553)
637	14	(prob=0.0001,cumulative=0.9554)
638	7	(prob=0.0001,cumulative=0.9555)
639	7	(prob=0.0001,cumulative=0.9556)
640	8	(prob=0.0001,cumulative=0.9556)
641	14	(prob=0.0001,cumulative=0.9558)
642	16	(prob=0.0002,cumulative=0.9559)
643	15	(prob=0.0001,cumulative=0.9561)
644	9	(prob=0.0001,cumulative=0.9562)
645	18	(prob=0.0002,cumulative=0.9564)
646	10	(prob=0.0001,cumulative=0.9564)
647	6	(prob=0.0001,cumulative=0.9565)
648	17	(prob=0.0002,cumulative=0.9567)
649	19	(prob=0.0002,cumulative=0.9569)
650	11	(prob=0.0001,cumulative=0.9570)
651	6	(prob=0.0001,cumulative=0.9570)
652	9	(prob=0.0001,cumulative=0.9571)
653	10	(prob=0.0001,cumulative=0.9572)
654	8	(prob=0.0001,cumulative=0.9573)
655	8	(prob=0.0001,cumulative=0.9574)
656	7	(prob=0.0001,cumulative=0.9575)
657	7	(prob=0.0001,cumulative=0.9575)
658	11	(prob=0.0001,cumulative=0.9576)
659	7	(prob=0.0001,cumulative=0.9577)
660	10	(prob=0.0001,cumulative=0.9578)
661	10	(prob=0.0001,cumulative=0.9579)
662	12	(prob=0.0001,cumulative=0.9580)
663	13	(prob=0.0001,cumulative=0.9581)
664	13	(prob=0.0001,cumulative=0.9583)
665	13	(prob=0.0001,cumulative=0.9584)
666	20	(prob=0.0002,cumulative=0.9586)
667	11	(prob=0.0001,cumulative=0.9587)
668	4	(prob=0.0000,cumulative=0.9588)
669	14	(prob=0.0001,cumulative=0.9589)
670	12	(prob=0.0001,cumulative=0.9590)
671	12	(prob=0.0001,cumulative=0.9591)
672	12	(prob=0.0001,cumulative=0.9593)
673	9	(prob=0.0001,cumulative=0.9593)
674	14	(prob=0.0001,cumulative=0.9595)
675	13	(prob=0.0001,cumulative=0.9596)
676	9	(prob=0.0001,cumulative=0.9597)
677	7	(prob=0.0001,cumulative=0.9598)
678	7	(prob=0.0001,cumulative=0.9598)
679	15	(prob=0.0001,cumulative=0.9600)
680	8	(prob=0.0001,cumulative=0.9601)
681	10	(prob=0.0001,cumulative=0.9602)
682	6	(prob=0.0001,cumulative=0.9602)
683	11	(prob=0.0001,cumulative=0.9603)
684	10	(prob=0.0001,cumulative=0.9604)
685	7	(prob=0.0001,cumulative=0.9605)
686	8	(prob=0.0001,cumulative=0.9606)
687	6	(prob=0.0001,cumulative=0.9606)
688	10	(prob=0.0001,cumulative=0.9607)
689	15	(prob=0.0001,cumulative=0.9609)
690	14	(prob=0.0001,cumulative=0.9610)
691	8	(prob=0.0001,cumulative=0.9611)
692	5	(prob=0.0000,cumulative=0.9612)
693	13	(prob=0.0001,cumulative=0.9613)
694	13	(prob=0.0001,cumulative=0.9614)
695	10	(prob=0.0001,cumulative=0.9615)
696	4	(prob=0.0000,cumulative=0.9616)
697	12	(prob=0.0001,cumulative=0.9617)
698	4	(prob=0.0000,cumulative=0.9617)
699	8	(prob=0.0001,cumulative=0.9618)
700	7	(prob=0.0001,cumulative=0.9619)
701	10	(prob=0.0001,cumulative=0.9620)
702	10	(prob=0.0001,cumulative=0.9621)
703	6	(prob=0.0001,cumulative=0.9621)
704	6	(prob=0.0001,cumulative=0.9622)
705	9	(prob=0.0001,cumulative=0.9623)
706	9	(prob=0.0001,cumulative=0.9624)
707	10	(prob=0.0001,cumulative=0.9625)
708	6	(prob=0.0001,cumulative=0.9625)
709	7	(prob=0.0001,cumulative=0.9626)
710	5	(prob=0.0000,cumulative=0.9626)
711	12	(prob=0.0001,cumulative=0.9628)
712	7	(prob=0.0001,cumulative=0.9628)
713	4	(prob=0.0000,cumulative=0.9629)
714	10	(prob=0.0001,cumulative=0.9630)
715	10	(prob=0.0001,cumulative=0.9631)
716	5	(prob=0.0000,cumulative=0.9631)
717	9	(prob=0.0001,cumulative=0.9632)
718	11	(prob=0.0001,cumulative=0.9633)
719	7	(prob=0.0001,cumulative=0.9634)
720	10	(prob=0.0001,cumulative=0.9635)
721	13	(prob=0.0001,cumulative=0.9636)
722	9	(prob=0.0001,cumulative=0.9637)
723	7	(prob=0.0001,cumulative=0.9638)
724	10	(prob=0.0001,cumulative=0.9639)
725	6	(prob=0.0001,cumulative=0.9639)
726	8	(prob=0.0001,cumulative=0.9640)
727	12	(prob=0.0001,cumulative=0.9641)
728	10	(prob=0.0001,cumulative=0.9642)
729	10	(prob=0.0001,cumulative=0.9643)
730	4	(prob=0.0000,cumulative=0.9644)
731	5	(prob=0.0000,cumulative=0.9644)
732	10	(prob=0.0001,cumulative=0.9645)
733	5	(prob=0.0000,cumulative=0.9646)
734	7	(prob=0.0001,cumulative=0.9646)
735	15	(prob=0.0001,cumulative=0.9648)
736	5	(prob=0.0000,cumulative=0.9648)
737	7	(prob=0.0001,cumulative=0.9649)
738	7	(prob=0.0001,cumulative=0.9650)
739	10	(prob=0.0001,cumulative=0.9651)
740	4	(prob=0.0000,cumulative=0.9651)
741	4	(prob=0.0000,cumulative=0.9652)
742	5	(prob=0.0000,cumulative=0.9652)
743	5	(prob=0.0000,cumulative=0.9653)
744	13	(prob=0.0001,cumulative=0.9654)
745	3	(prob=0.0000,cumulative=0.9654)
746	13	(prob=0.0001,cumulative=0.9655)
747	12	(prob=0.0001,cumulative=0.9657)
749	5	(prob=0.0000,cumulative=0.9657)
750	4	(prob=0.0000,cumulative=0.9658)
751	4	(prob=0.0000,cumulative=0.9658)
752	4	(prob=0.0000,cumulative=0.9658)
753	3	(prob=0.0000,cumulative=0.9659)
754	2	(prob=0.0000,cumulative=0.9659)
755	4	(prob=0.0000,cumulative=0.9659)
756	7	(prob=0.0001,cumulative=0.9660)
757	6	(prob=0.0001,cumulative=0.9661)
758	7	(prob=0.0001,cumulative=0.9661)
759	12	(prob=0.0001,cumulative=0.9662)
760	5	(prob=0.0000,cumulative=0.9663)
761	7	(prob=0.0001,cumulative=0.9664)
762	11	(prob=0.0001,cumulative=0.9665)
763	4	(prob=0.0000,cumulative=0.9665)
764	7	(prob=0.0001,cumulative=0.9666)
765	7	(prob=0.0001,cumulative=0.9666)
766	6	(prob=0.0001,cumulative=0.9667)
767	5	(prob=0.0000,cumulative=0.9668)
768	9	(prob=0.0001,cumulative=0.9668)
769	4	(prob=0.0000,cumulative=0.9669)
770	1	(prob=0.0000,cumulative=0.9669)
771	4	(prob=0.0000,cumulative=0.9669)
772	3	(prob=0.0000,cumulative=0.9670)
773	3	(prob=0.0000,cumulative=0.9670)
774	9	(prob=0.0001,cumulative=0.9671)
775	4	(prob=0.0000,cumulative=0.9671)
776	8	(prob=0.0001,cumulative=0.9672)
777	2	(prob=0.0000,cumulative=0.9672)
778	5	(prob=0.0000,cumulative=0.9673)
779	6	(prob=0.0001,cumulative=0.9673)
780	15	(prob=0.0001,cumulative=0.9675)
781	8	(prob=0.0001,cumulative=0.9676)
782	7	(prob=0.0001,cumulative=0.9676)
783	11	(prob=0.0001,cumulative=0.9677)
784	2	(prob=0.0000,cumulative=0.9678)
785	6	(prob=0.0001,cumulative=0.9678)
786	1	(prob=0.0000,cumulative=0.9678)
787	7	(prob=0.0001,cumulative=0.9679)
788	10	(prob=0.0001,cumulative=0.9680)
789	6	(prob=0.0001,cumulative=0.9681)
790	7	(prob=0.0001,cumulative=0.9681)
791	4	(prob=0.0000,cumulative=0.9682)
792	8	(prob=0.0001,cumulative=0.9682)
793	7	(prob=0.0001,cumulative=0.9683)
794	6	(prob=0.0001,cumulative=0.9684)
795	12	(prob=0.0001,cumulative=0.9685)
796	2	(prob=0.0000,cumulative=0.9685)
797	7	(prob=0.0001,cumulative=0.9686)
798	8	(prob=0.0001,cumulative=0.9687)
799	8	(prob=0.0001,cumulative=0.9687)
800	4	(prob=0.0000,cumulative=0.9688)
801	6	(prob=0.0001,cumulative=0.9688)
802	5	(prob=0.0000,cumulative=0.9689)
803	2	(prob=0.0000,cumulative=0.9689)
804	10	(prob=0.0001,cumulative=0.9690)
805	7	(prob=0.0001,cumulative=0.9691)
806	2	(prob=0.0000,cumulative=0.9691)
807	6	(prob=0.0001,cumulative=0.9692)
808	8	(prob=0.0001,cumulative=0.9692)
809	6	(prob=0.0001,cumulative=0.9693)
810	3	(prob=0.0000,cumulative=0.9693)
811	10	(prob=0.0001,cumulative=0.9694)
812	7	(prob=0.0001,cumulative=0.9695)
813	5	(prob=0.0000,cumulative=0.9696)
814	1	(prob=0.0000,cumulative=0.9696)
815	2	(prob=0.0000,cumulative=0.9696)
816	5	(prob=0.0000,cumulative=0.9696)
817	7	(prob=0.0001,cumulative=0.9697)
818	2	(prob=0.0000,cumulative=0.9697)
819	5	(prob=0.0000,cumulative=0.9698)
820	5	(prob=0.0000,cumulative=0.9698)
821	8	(prob=0.0001,cumulative=0.9699)
822	9	(prob=0.0001,cumulative=0.9700)
823	5	(prob=0.0000,cumulative=0.9700)
824	9	(prob=0.0001,cumulative=0.9701)
825	11	(prob=0.0001,cumulative=0.9702)
826	7	(prob=0.0001,cumulative=0.9703)
827	8	(prob=0.0001,cumulative=0.9704)
828	11	(prob=0.0001,cumulative=0.9705)
829	5	(prob=0.0000,cumulative=0.9705)
830	2	(prob=0.0000,cumulative=0.9706)
831	7	(prob=0.0001,cumulative=0.9706)
832	5	(prob=0.0000,cumulative=0.9707)
833	3	(prob=0.0000,cumulative=0.9707)
834	10	(prob=0.0001,cumulative=0.9708)
835	2	(prob=0.0000,cumulative=0.9708)
836	8	(prob=0.0001,cumulative=0.9709)
837	6	(prob=0.0001,cumulative=0.9710)
838	6	(prob=0.0001,cumulative=0.9710)
839	5	(prob=0.0000,cumulative=0.9711)
840	6	(prob=0.0001,cumulative=0.9711)
841	7	(prob=0.0001,cumulative=0.9712)
842	10	(prob=0.0001,cumulative=0.9713)
843	4	(prob=0.0000,cumulative=0.9714)
844	6	(prob=0.0001,cumulative=0.9714)
845	2	(prob=0.0000,cumulative=0.9714)
846	9	(prob=0.0001,cumulative=0.9715)
847	14	(prob=0.0001,cumulative=0.9717)
848	7	(prob=0.0001,cumulative=0.9717)
849	10	(prob=0.0001,cumulative=0.9718)
850	7	(prob=0.0001,cumulative=0.9719)
851	6	(prob=0.0001,cumulative=0.9720)
852	4	(prob=0.0000,cumulative=0.9720)
853	3	(prob=0.0000,cumulative=0.9720)
854	5	(prob=0.0000,cumulative=0.9721)
855	6	(prob=0.0001,cumulative=0.9721)
856	4	(prob=0.0000,cumulative=0.9722)
857	3	(prob=0.0000,cumulative=0.9722)
858	8	(prob=0.0001,cumulative=0.9723)
859	6	(prob=0.0001,cumulative=0.9723)
860	5	(prob=0.0000,cumulative=0.9724)
861	10	(prob=0.0001,cumulative=0.9725)
862	3	(prob=0.0000,cumulative=0.9725)
863	9	(prob=0.0001,cumulative=0.9726)
864	7	(prob=0.0001,cumulative=0.9727)
865	1	(prob=0.0000,cumulative=0.9727)
866	11	(prob=0.0001,cumulative=0.9728)
867	8	(prob=0.0001,cumulative=0.9729)
868	3	(prob=0.0000,cumulative=0.9729)
869	5	(prob=0.0000,cumulative=0.9730)
870	9	(prob=0.0001,cumulative=0.9731)
871	3	(prob=0.0000,cumulative=0.9731)
872	4	(prob=0.0000,cumulative=0.9731)
873	4	(prob=0.0000,cumulative=0.9732)
874	6	(prob=0.0001,cumulative=0.9732)
875	6	(prob=0.0001,cumulative=0.9733)
876	7	(prob=0.0001,cumulative=0.9733)
877	2	(prob=0.0000,cumulative=0.9734)
878	5	(prob=0.0000,cumulative=0.9734)
879	6	(prob=0.0001,cumulative=0.9735)
880	1	(prob=0.0000,cumulative=0.9735)
881	5	(prob=0.0000,cumulative=0.9735)
882	4	(prob=0.0000,cumulative=0.9736)
883	1	(prob=0.0000,cumulative=0.9736)
884	5	(prob=0.0000,cumulative=0.9736)
885	10	(prob=0.0001,cumulative=0.9737)
886	3	(prob=0.0000,cumulative=0.9738)
887	5	(prob=0.0000,cumulative=0.9738)
888	3	(prob=0.0000,cumulative=0.9738)
889	1	(prob=0.0000,cumulative=0.9739)
890	6	(prob=0.0001,cumulative=0.9739)
891	3	(prob=0.0000,cumulative=0.9739)
892	3	(prob=0.0000,cumulative=0.9740)
893	5	(prob=0.0000,cumulative=0.9740)
894	4	(prob=0.0000,cumulative=0.9741)
895	3	(prob=0.0000,cumulative=0.9741)
896	4	(prob=0.0000,cumulative=0.9741)
897	3	(prob=0.0000,cumulative=0.9742)
898	3	(prob=0.0000,cumulative=0.9742)
899	2	(prob=0.0000,cumulative=0.9742)
900	7	(prob=0.0001,cumulative=0.9743)
901	1	(prob=0.0000,cumulative=0.9743)
902	2	(prob=0.0000,cumulative=0.9743)
903	8	(prob=0.0001,cumulative=0.9744)
904	4	(prob=0.0000,cumulative=0.9744)
905	2	(prob=0.0000,cumulative=0.9745)
906	8	(prob=0.0001,cumulative=0.9745)
907	1	(prob=0.0000,cumulative=0.9745)
908	4	(prob=0.0000,cumulative=0.9746)
909	5	(prob=0.0000,cumulative=0.9746)
910	5	(prob=0.0000,cumulative=0.9747)
911	6	(prob=0.0001,cumulative=0.9747)
912	6	(prob=0.0001,cumulative=0.9748)
913	3	(prob=0.0000,cumulative=0.9748)
914	3	(prob=0.0000,cumulative=0.9749)
915	4	(prob=0.0000,cumulative=0.9749)
916	9	(prob=0.0001,cumulative=0.9750)
918	6	(prob=0.0001,cumulative=0.9750)
919	4	(prob=0.0000,cumulative=0.9751)
920	5	(prob=0.0000,cumulative=0.9751)
921	5	(prob=0.0000,cumulative=0.9752)
922	2	(prob=0.0000,cumulative=0.9752)
923	5	(prob=0.0000,cumulative=0.9753)
924	2	(prob=0.0000,cumulative=0.9753)
925	3	(prob=0.0000,cumulative=0.9753)
926	2	(prob=0.0000,cumulative=0.9753)
927	4	(prob=0.0000,cumulative=0.9754)
928	1	(prob=0.0000,cumulative=0.9754)
929	1	(prob=0.0000,cumulative=0.9754)
930	9	(prob=0.0001,cumulative=0.9755)
931	6	(prob=0.0001,cumulative=0.9755)
932	1	(prob=0.0000,cumulative=0.9755)
933	11	(prob=0.0001,cumulative=0.9757)
934	2	(prob=0.0000,cumulative=0.9757)
935	4	(prob=0.0000,cumulative=0.9757)
936	4	(prob=0.0000,cumulative=0.9758)
937	5	(prob=0.0000,cumulative=0.9758)
938	2	(prob=0.0000,cumulative=0.9758)
939	4	(prob=0.0000,cumulative=0.9759)
940	6	(prob=0.0001,cumulative=0.9759)
941	1	(prob=0.0000,cumulative=0.9759)
942	7	(prob=0.0001,cumulative=0.9760)
943	5	(prob=0.0000,cumulative=0.9761)
944	4	(prob=0.0000,cumulative=0.9761)
945	2	(prob=0.0000,cumulative=0.9761)
946	2	(prob=0.0000,cumulative=0.9761)
947	3	(prob=0.0000,cumulative=0.9762)
948	7	(prob=0.0001,cumulative=0.9762)
949	2	(prob=0.0000,cumulative=0.9763)
950	2	(prob=0.0000,cumulative=0.9763)
951	8	(prob=0.0001,cumulative=0.9764)
952	2	(prob=0.0000,cumulative=0.9764)
953	2	(prob=0.0000,cumulative=0.9764)
954	3	(prob=0.0000,cumulative=0.9764)
955	2	(prob=0.0000,cumulative=0.9764)
956	5	(prob=0.0000,cumulative=0.9765)
957	2	(prob=0.0000,cumulative=0.9765)
958	7	(prob=0.0001,cumulative=0.9766)
959	3	(prob=0.0000,cumulative=0.9766)
960	5	(prob=0.0000,cumulative=0.9767)
961	2	(prob=0.0000,cumulative=0.9767)
962	4	(prob=0.0000,cumulative=0.9767)
963	8	(prob=0.0001,cumulative=0.9768)
964	4	(prob=0.0000,cumulative=0.9768)
965	3	(prob=0.0000,cumulative=0.9769)
966	12	(prob=0.0001,cumulative=0.9770)
967	2	(prob=0.0000,cumulative=0.9770)
968	5	(prob=0.0000,cumulative=0.9771)
969	5	(prob=0.0000,cumulative=0.9771)
970	4	(prob=0.0000,cumulative=0.9771)
971	2	(prob=0.0000,cumulative=0.9772)
972	5	(prob=0.0000,cumulative=0.9772)
973	6	(prob=0.0001,cumulative=0.9773)
974	10	(prob=0.0001,cumulative=0.9774)
975	3	(prob=0.0000,cumulative=0.9774)
976	2	(prob=0.0000,cumulative=0.9774)
977	2	(prob=0.0000,cumulative=0.9774)
978	7	(prob=0.0001,cumulative=0.9775)
979	2	(prob=0.0000,cumulative=0.9775)
980	3	(prob=0.0000,cumulative=0.9776)
981	5	(prob=0.0000,cumulative=0.9776)
982	3	(prob=0.0000,cumulative=0.9776)
983	3	(prob=0.0000,cumulative=0.9777)
984	3	(prob=0.0000,cumulative=0.9777)
985	5	(prob=0.0000,cumulative=0.9778)
986	4	(prob=0.0000,cumulative=0.9778)
987	5	(prob=0.0000,cumulative=0.9778)
988	5	(prob=0.0000,cumulative=0.9779)
989	5	(prob=0.0000,cumulative=0.9779)
990	5	(prob=0.0000,cumulative=0.9780)
991	5	(prob=0.0000,cumulative=0.9780)
992	5	(prob=0.0000,cumulative=0.9781)
993	1	(prob=0.0000,cumulative=0.9781)
994	1	(prob=0.0000,cumulative=0.9781)
995	2	(prob=0.0000,cumulative=0.9781)
996	3	(prob=0.0000,cumulative=0.9782)
997	2	(prob=0.0000,cumulative=0.9782)
998	4	(prob=0.0000,cumulative=0.9782)
999	2	(prob=0.0000,cumulative=0.9782)
1000	8	(prob=0.0001,cumulative=0.9783)
1001	6	(prob=0.0001,cumulative=0.9784)
1002	2	(prob=0.0000,cumulative=0.9784)
1003	5	(prob=0.0000,cumulative=0.9784)
1004	3	(prob=0.0000,cumulative=0.9785)
1005	1	(prob=0.0000,cumulative=0.9785)
1006	4	(prob=0.0000,cumulative=0.9785)
1008	3	(prob=0.0000,cumulative=0.9786)
1009	4	(prob=0.0000,cumulative=0.9786)
1010	2	(prob=0.0000,cumulative=0.9786)
1011	5	(prob=0.0000,cumulative=0.9787)
1012	3	(prob=0.0000,cumulative=0.9787)
1013	6	(prob=0.0001,cumulative=0.9788)
1014	4	(prob=0.0000,cumulative=0.9788)
1015	4	(prob=0.0000,cumulative=0.9788)
1016	2	(prob=0.0000,cumulative=0.9789)
1017	7	(prob=0.0001,cumulative=0.9789)
1018	4	(prob=0.0000,cumulative=0.9790)
1019	1	(prob=0.0000,cumulative=0.9790)
1020	4	(prob=0.0000,cumulative=0.9790)
1021	2	(prob=0.0000,cumulative=0.9790)
1022	4	(prob=0.0000,cumulative=0.9791)
1023	9	(prob=0.0001,cumulative=0.9792)
1024	4	(prob=0.0000,cumulative=0.9792)
1025	5	(prob=0.0000,cumulative=0.9793)
1026	2	(prob=0.0000,cumulative=0.9793)
1027	4	(prob=0.0000,cumulative=0.9793)
1028	5	(prob=0.0000,cumulative=0.9794)
1029	7	(prob=0.0001,cumulative=0.9794)
1030	4	(prob=0.0000,cumulative=0.9795)
1031	2	(prob=0.0000,cumulative=0.9795)
1032	8	(prob=0.0001,cumulative=0.9796)
1033	2	(prob=0.0000,cumulative=0.9796)
1034	2	(prob=0.0000,cumulative=0.9796)
1035	2	(prob=0.0000,cumulative=0.9796)
1036	7	(prob=0.0001,cumulative=0.9797)
1037	2	(prob=0.0000,cumulative=0.9797)
1038	6	(prob=0.0001,cumulative=0.9798)
1039	2	(prob=0.0000,cumulative=0.9798)
1040	5	(prob=0.0000,cumulative=0.9799)
1041	5	(prob=0.0000,cumulative=0.9799)
1042	2	(prob=0.0000,cumulative=0.9799)
1043	3	(prob=0.0000,cumulative=0.9799)
1044	1	(prob=0.0000,cumulative=0.9800)
1045	5	(prob=0.0000,cumulative=0.9800)
1046	3	(prob=0.0000,cumulative=0.9800)
1047	6	(prob=0.0001,cumulative=0.9801)
1048	3	(prob=0.0000,cumulative=0.9801)
1049	3	(prob=0.0000,cumulative=0.9802)
1050	4	(prob=0.0000,cumulative=0.9802)
1051	4	(prob=0.0000,cumulative=0.9802)
1052	5	(prob=0.0000,cumulative=0.9803)
1053	5	(prob=0.0000,cumulative=0.9803)
1054	3	(prob=0.0000,cumulative=0.9804)
1055	3	(prob=0.0000,cumulative=0.9804)
1056	4	(prob=0.0000,cumulative=0.9804)
1057	3	(prob=0.0000,cumulative=0.9805)
1058	2	(prob=0.0000,cumulative=0.9805)
1059	4	(prob=0.0000,cumulative=0.9805)
1060	4	(prob=0.0000,cumulative=0.9806)
1062	3	(prob=0.0000,cumulative=0.9806)
1063	1	(prob=0.0000,cumulative=0.9806)
1064	4	(prob=0.0000,cumulative=0.9806)
1066	3	(prob=0.0000,cumulative=0.9807)
1067	2	(prob=0.0000,cumulative=0.9807)
1068	3	(prob=0.0000,cumulative=0.9807)
1069	3	(prob=0.0000,cumulative=0.9808)
1070	4	(prob=0.0000,cumulative=0.9808)
1071	5	(prob=0.0000,cumulative=0.9808)
1072	3	(prob=0.0000,cumulative=0.9809)
1073	3	(prob=0.0000,cumulative=0.9809)
1074	3	(prob=0.0000,cumulative=0.9809)
1075	1	(prob=0.0000,cumulative=0.9809)
1076	4	(prob=0.0000,cumulative=0.9810)
1077	2	(prob=0.0000,cumulative=0.9810)
1078	1	(prob=0.0000,cumulative=0.9810)
1079	5	(prob=0.0000,cumulative=0.9811)
1080	6	(prob=0.0001,cumulative=0.9811)
1081	3	(prob=0.0000,cumulative=0.9812)
1082	3	(prob=0.0000,cumulative=0.9812)
1083	1	(prob=0.0000,cumulative=0.9812)
1084	2	(prob=0.0000,cumulative=0.9812)
1085	2	(prob=0.0000,cumulative=0.9812)
1086	6	(prob=0.0001,cumulative=0.9813)
1087	2	(prob=0.0000,cumulative=0.9813)
1088	8	(prob=0.0001,cumulative=0.9814)
1089	7	(prob=0.0001,cumulative=0.9815)
1090	3	(prob=0.0000,cumulative=0.9815)
1091	3	(prob=0.0000,cumulative=0.9815)
1092	1	(prob=0.0000,cumulative=0.9815)
1093	1	(prob=0.0000,cumulative=0.9815)
1094	3	(prob=0.0000,cumulative=0.9816)
1095	6	(prob=0.0001,cumulative=0.9816)
1096	2	(prob=0.0000,cumulative=0.9816)
1097	1	(prob=0.0000,cumulative=0.9817)
1098	7	(prob=0.0001,cumulative=0.9817)
1099	2	(prob=0.0000,cumulative=0.9817)
1100	3	(prob=0.0000,cumulative=0.9818)
1101	1	(prob=0.0000,cumulative=0.9818)
1102	1	(prob=0.0000,cumulative=0.9818)
1103	3	(prob=0.0000,cumulative=0.9818)
1104	2	(prob=0.0000,cumulative=0.9818)
1105	3	(prob=0.0000,cumulative=0.9819)
1106	1	(prob=0.0000,cumulative=0.9819)
1107	1	(prob=0.0000,cumulative=0.9819)
1108	3	(prob=0.0000,cumulative=0.9819)
1109	3	(prob=0.0000,cumulative=0.9820)
1110	6	(prob=0.0001,cumulative=0.9820)
1111	5	(prob=0.0000,cumulative=0.9821)
1113	4	(prob=0.0000,cumulative=0.9821)
1114	3	(prob=0.0000,cumulative=0.9821)
1116	1	(prob=0.0000,cumulative=0.9821)
1117	5	(prob=0.0000,cumulative=0.9822)
1119	3	(prob=0.0000,cumulative=0.9822)
1120	3	(prob=0.0000,cumulative=0.9823)
1121	2	(prob=0.0000,cumulative=0.9823)
1122	2	(prob=0.0000,cumulative=0.9823)
1124	2	(prob=0.0000,cumulative=0.9823)
1125	5	(prob=0.0000,cumulative=0.9824)
1126	3	(prob=0.0000,cumulative=0.9824)
1127	4	(prob=0.0000,cumulative=0.9824)
1128	3	(prob=0.0000,cumulative=0.9825)
1129	3	(prob=0.0000,cumulative=0.9825)
1130	3	(prob=0.0000,cumulative=0.9825)
1131	6	(prob=0.0001,cumulative=0.9826)
1132	1	(prob=0.0000,cumulative=0.9826)
1133	1	(prob=0.0000,cumulative=0.9826)
1134	4	(prob=0.0000,cumulative=0.9826)
1135	1	(prob=0.0000,cumulative=0.9827)
1136	2	(prob=0.0000,cumulative=0.9827)
1137	1	(prob=0.0000,cumulative=0.9827)
1138	6	(prob=0.0001,cumulative=0.9827)
1139	4	(prob=0.0000,cumulative=0.9828)
1140	1	(prob=0.0000,cumulative=0.9828)
1142	7	(prob=0.0001,cumulative=0.9829)
1143	3	(prob=0.0000,cumulative=0.9829)
1144	1	(prob=0.0000,cumulative=0.9829)
1146	1	(prob=0.0000,cumulative=0.9829)
1148	1	(prob=0.0000,cumulative=0.9829)
1149	7	(prob=0.0001,cumulative=0.9830)
1150	3	(prob=0.0000,cumulative=0.9830)
1151	5	(prob=0.0000,cumulative=0.9831)
1152	1	(prob=0.0000,cumulative=0.9831)
1154	3	(prob=0.0000,cumulative=0.9831)
1155	4	(prob=0.0000,cumulative=0.9832)
1157	1	(prob=0.0000,cumulative=0.9832)
1159	1	(prob=0.0000,cumulative=0.9832)
1160	1	(prob=0.0000,cumulative=0.9832)
1161	5	(prob=0.0000,cumulative=0.9832)
1162	1	(prob=0.0000,cumulative=0.9832)
1163	3	(prob=0.0000,cumulative=0.9833)
1164	4	(prob=0.0000,cumulative=0.9833)
1165	2	(prob=0.0000,cumulative=0.9833)
1166	3	(prob=0.0000,cumulative=0.9834)
1168	1	(prob=0.0000,cumulative=0.9834)
1169	3	(prob=0.0000,cumulative=0.9834)
1170	6	(prob=0.0001,cumulative=0.9835)
1171	8	(prob=0.0001,cumulative=0.9835)
1172	2	(prob=0.0000,cumulative=0.9836)
1174	2	(prob=0.0000,cumulative=0.9836)
1175	4	(prob=0.0000,cumulative=0.9836)
1176	2	(prob=0.0000,cumulative=0.9836)
1177	5	(prob=0.0000,cumulative=0.9837)
1178	2	(prob=0.0000,cumulative=0.9837)
1179	3	(prob=0.0000,cumulative=0.9837)
1180	4	(prob=0.0000,cumulative=0.9838)
1181	1	(prob=0.0000,cumulative=0.9838)
1182	2	(prob=0.0000,cumulative=0.9838)
1183	5	(prob=0.0000,cumulative=0.9839)
1184	5	(prob=0.0000,cumulative=0.9839)
1185	1	(prob=0.0000,cumulative=0.9839)
1186	1	(prob=0.0000,cumulative=0.9839)
1187	1	(prob=0.0000,cumulative=0.9839)
1188	7	(prob=0.0001,cumulative=0.9840)
1189	1	(prob=0.0000,cumulative=0.9840)
1190	2	(prob=0.0000,cumulative=0.9840)
1191	5	(prob=0.0000,cumulative=0.9841)
1192	3	(prob=0.0000,cumulative=0.9841)
1193	2	(prob=0.0000,cumulative=0.9841)
1194	4	(prob=0.0000,cumulative=0.9842)
1196	3	(prob=0.0000,cumulative=0.9842)
1197	2	(prob=0.0000,cumulative=0.9842)
1198	4	(prob=0.0000,cumulative=0.9843)
1199	3	(prob=0.0000,cumulative=0.9843)
1200	4	(prob=0.0000,cumulative=0.9843)
1201	1	(prob=0.0000,cumulative=0.9843)
1202	2	(prob=0.0000,cumulative=0.9844)
1203	1	(prob=0.0000,cumulative=0.9844)
1204	1	(prob=0.0000,cumulative=0.9844)
1205	1	(prob=0.0000,cumulative=0.9844)
1206	6	(prob=0.0001,cumulative=0.9845)
1208	2	(prob=0.0000,cumulative=0.9845)
1209	2	(prob=0.0000,cumulative=0.9845)
1210	2	(prob=0.0000,cumulative=0.9845)
1211	3	(prob=0.0000,cumulative=0.9845)
1212	7	(prob=0.0001,cumulative=0.9846)
1214	2	(prob=0.0000,cumulative=0.9846)
1215	3	(prob=0.0000,cumulative=0.9847)
1216	4	(prob=0.0000,cumulative=0.9847)
1218	2	(prob=0.0000,cumulative=0.9847)
1219	2	(prob=0.0000,cumulative=0.9847)
1220	3	(prob=0.0000,cumulative=0.9848)
1221	3	(prob=0.0000,cumulative=0.9848)
1222	2	(prob=0.0000,cumulative=0.9848)
1224	6	(prob=0.0001,cumulative=0.9849)
1226	3	(prob=0.0000,cumulative=0.9849)
1227	5	(prob=0.0000,cumulative=0.9850)
1228	2	(prob=0.0000,cumulative=0.9850)
1229	1	(prob=0.0000,cumulative=0.9850)
1230	3	(prob=0.0000,cumulative=0.9850)
1232	3	(prob=0.0000,cumulative=0.9850)
1233	4	(prob=0.0000,cumulative=0.9851)
1234	2	(prob=0.0000,cumulative=0.9851)
1235	3	(prob=0.0000,cumulative=0.9851)
1236	3	(prob=0.0000,cumulative=0.9852)
1238	3	(prob=0.0000,cumulative=0.9852)
1239	3	(prob=0.0000,cumulative=0.9852)
1240	2	(prob=0.0000,cumulative=0.9852)
1241	4	(prob=0.0000,cumulative=0.9853)
1242	3	(prob=0.0000,cumulative=0.9853)
1244	1	(prob=0.0000,cumulative=0.9853)
1245	2	(prob=0.0000,cumulative=0.9853)
1246	1	(prob=0.0000,cumulative=0.9854)
1247	1	(prob=0.0000,cumulative=0.9854)
1249	1	(prob=0.0000,cumulative=0.9854)
1250	1	(prob=0.0000,cumulative=0.9854)
1252	1	(prob=0.0000,cumulative=0.9854)
1253	2	(prob=0.0000,cumulative=0.9854)
1254	1	(prob=0.0000,cumulative=0.9854)
1255	2	(prob=0.0000,cumulative=0.9854)
1256	2	(prob=0.0000,cumulative=0.9855)
1257	4	(prob=0.0000,cumulative=0.9855)
1258	1	(prob=0.0000,cumulative=0.9855)
1259	1	(prob=0.0000,cumulative=0.9855)
1260	1	(prob=0.0000,cumulative=0.9855)
1261	4	(prob=0.0000,cumulative=0.9856)
1262	1	(prob=0.0000,cumulative=0.9856)
1264	3	(prob=0.0000,cumulative=0.9856)
1265	1	(prob=0.0000,cumulative=0.9856)
1266	1	(prob=0.0000,cumulative=0.9856)
1267	3	(prob=0.0000,cumulative=0.9857)
1269	5	(prob=0.0000,cumulative=0.9857)
1270	2	(prob=0.0000,cumulative=0.9857)
1271	2	(prob=0.0000,cumulative=0.9858)
1272	2	(prob=0.0000,cumulative=0.9858)
1273	2	(prob=0.0000,cumulative=0.9858)
1274	1	(prob=0.0000,cumulative=0.9858)
1275	3	(prob=0.0000,cumulative=0.9858)
1276	2	(prob=0.0000,cumulative=0.9859)
1277	1	(prob=0.0000,cumulative=0.9859)
1278	1	(prob=0.0000,cumulative=0.9859)
1279	1	(prob=0.0000,cumulative=0.9859)
1280	1	(prob=0.0000,cumulative=0.9859)
1281	5	(prob=0.0000,cumulative=0.9859)
1282	3	(prob=0.0000,cumulative=0.9860)
1283	1	(prob=0.0000,cumulative=0.9860)
1284	5	(prob=0.0000,cumulative=0.9860)
1285	2	(prob=0.0000,cumulative=0.9861)
1287	1	(prob=0.0000,cumulative=0.9861)
1288	1	(prob=0.0000,cumulative=0.9861)
1289	3	(prob=0.0000,cumulative=0.9861)
1290	3	(prob=0.0000,cumulative=0.9861)
1291	2	(prob=0.0000,cumulative=0.9862)
1292	1	(prob=0.0000,cumulative=0.9862)
1293	1	(prob=0.0000,cumulative=0.9862)
1295	2	(prob=0.0000,cumulative=0.9862)
1296	1	(prob=0.0000,cumulative=0.9862)
1297	1	(prob=0.0000,cumulative=0.9862)
1298	2	(prob=0.0000,cumulative=0.9862)
1300	1	(prob=0.0000,cumulative=0.9862)
1301	1	(prob=0.0000,cumulative=0.9863)
1302	2	(prob=0.0000,cumulative=0.9863)
1303	2	(prob=0.0000,cumulative=0.9863)
1304	6	(prob=0.0001,cumulative=0.9864)
1305	2	(prob=0.0000,cumulative=0.9864)
1310	1	(prob=0.0000,cumulative=0.9864)
1311	1	(prob=0.0000,cumulative=0.9864)
1312	1	(prob=0.0000,cumulative=0.9864)
1313	1	(prob=0.0000,cumulative=0.9864)
1314	3	(prob=0.0000,cumulative=0.9864)
1315	2	(prob=0.0000,cumulative=0.9865)
1316	3	(prob=0.0000,cumulative=0.9865)
1317	5	(prob=0.0000,cumulative=0.9865)
1318	3	(prob=0.0000,cumulative=0.9866)
1319	2	(prob=0.0000,cumulative=0.9866)
1320	1	(prob=0.0000,cumulative=0.9866)
1322	2	(prob=0.0000,cumulative=0.9866)
1323	2	(prob=0.0000,cumulative=0.9866)
1324	1	(prob=0.0000,cumulative=0.9866)
1325	1	(prob=0.0000,cumulative=0.9867)
1326	3	(prob=0.0000,cumulative=0.9867)
1327	2	(prob=0.0000,cumulative=0.9867)
1328	3	(prob=0.0000,cumulative=0.9867)
1331	1	(prob=0.0000,cumulative=0.9867)
1332	2	(prob=0.0000,cumulative=0.9868)
1333	1	(prob=0.0000,cumulative=0.9868)
1334	1	(prob=0.0000,cumulative=0.9868)
1335	1	(prob=0.0000,cumulative=0.9868)
1336	2	(prob=0.0000,cumulative=0.9868)
1337	2	(prob=0.0000,cumulative=0.9868)
1338	4	(prob=0.0000,cumulative=0.9869)
1339	1	(prob=0.0000,cumulative=0.9869)
1340	2	(prob=0.0000,cumulative=0.9869)
1341	1	(prob=0.0000,cumulative=0.9869)
1342	2	(prob=0.0000,cumulative=0.9869)
1343	1	(prob=0.0000,cumulative=0.9869)
1344	5	(prob=0.0000,cumulative=0.9870)
1345	1	(prob=0.0000,cumulative=0.9870)
1347	2	(prob=0.0000,cumulative=0.9870)
1348	1	(prob=0.0000,cumulative=0.9870)
1349	1	(prob=0.0000,cumulative=0.9870)
1350	4	(prob=0.0000,cumulative=0.9871)
1351	4	(prob=0.0000,cumulative=0.9871)
1352	1	(prob=0.0000,cumulative=0.9871)
1353	2	(prob=0.0000,cumulative=0.9872)
1354	2	(prob=0.0000,cumulative=0.9872)
1355	3	(prob=0.0000,cumulative=0.9872)
1356	2	(prob=0.0000,cumulative=0.9872)
1357	1	(prob=0.0000,cumulative=0.9872)
1358	1	(prob=0.0000,cumulative=0.9872)
1359	3	(prob=0.0000,cumulative=0.9873)
1360	3	(prob=0.0000,cumulative=0.9873)
1361	1	(prob=0.0000,cumulative=0.9873)
1362	1	(prob=0.0000,cumulative=0.9873)
1363	3	(prob=0.0000,cumulative=0.9874)
1364	2	(prob=0.0000,cumulative=0.9874)
1365	1	(prob=0.0000,cumulative=0.9874)
1367	1	(prob=0.0000,cumulative=0.9874)
1368	2	(prob=0.0000,cumulative=0.9874)
1369	3	(prob=0.0000,cumulative=0.9874)
1370	2	(prob=0.0000,cumulative=0.9875)
1371	1	(prob=0.0000,cumulative=0.9875)
1372	2	(prob=0.0000,cumulative=0.9875)
1374	1	(prob=0.0000,cumulative=0.9875)
1375	3	(prob=0.0000,cumulative=0.9875)
1376	1	(prob=0.0000,cumulative=0.9875)
1379	4	(prob=0.0000,cumulative=0.9876)
1380	5	(prob=0.0000,cumulative=0.9876)
1381	2	(prob=0.0000,cumulative=0.9877)
1382	3	(prob=0.0000,cumulative=0.9877)
1383	4	(prob=0.0000,cumulative=0.9877)
1384	3	(prob=0.0000,cumulative=0.9878)
1385	1	(prob=0.0000,cumulative=0.9878)
1386	1	(prob=0.0000,cumulative=0.9878)
1388	1	(prob=0.0000,cumulative=0.9878)
1391	1	(prob=0.0000,cumulative=0.9878)
1392	4	(prob=0.0000,cumulative=0.9878)
1393	1	(prob=0.0000,cumulative=0.9878)
1394	1	(prob=0.0000,cumulative=0.9879)
1395	6	(prob=0.0001,cumulative=0.9879)
1396	2	(prob=0.0000,cumulative=0.9879)
1398	2	(prob=0.0000,cumulative=0.9880)
1399	2	(prob=0.0000,cumulative=0.9880)
1400	1	(prob=0.0000,cumulative=0.9880)
1401	2	(prob=0.0000,cumulative=0.9880)
1403	2	(prob=0.0000,cumulative=0.9880)
1405	5	(prob=0.0000,cumulative=0.9881)
1406	3	(prob=0.0000,cumulative=0.9881)
1407	1	(prob=0.0000,cumulative=0.9881)
1408	1	(prob=0.0000,cumulative=0.9881)
1409	2	(prob=0.0000,cumulative=0.9881)
1410	1	(prob=0.0000,cumulative=0.9882)
1411	2	(prob=0.0000,cumulative=0.9882)
1413	1	(prob=0.0000,cumulative=0.9882)
1414	1	(prob=0.0000,cumulative=0.9882)
1415	2	(prob=0.0000,cumulative=0.9882)
1416	2	(prob=0.0000,cumulative=0.9882)
1417	2	(prob=0.0000,cumulative=0.9883)
1418	3	(prob=0.0000,cumulative=0.9883)
1419	3	(prob=0.0000,cumulative=0.9883)
1420	3	(prob=0.0000,cumulative=0.9883)
1421	2	(prob=0.0000,cumulative=0.9884)
1422	1	(prob=0.0000,cumulative=0.9884)
1424	1	(prob=0.0000,cumulative=0.9884)
1425	4	(prob=0.0000,cumulative=0.9884)
1426	2	(prob=0.0000,cumulative=0.9884)
1428	3	(prob=0.0000,cumulative=0.9885)
1429	1	(prob=0.0000,cumulative=0.9885)
1430	3	(prob=0.0000,cumulative=0.9885)
1431	1	(prob=0.0000,cumulative=0.9885)
1432	3	(prob=0.0000,cumulative=0.9885)
1433	2	(prob=0.0000,cumulative=0.9886)
1434	2	(prob=0.0000,cumulative=0.9886)
1436	5	(prob=0.0000,cumulative=0.9886)
1437	3	(prob=0.0000,cumulative=0.9887)
1438	1	(prob=0.0000,cumulative=0.9887)
1439	3	(prob=0.0000,cumulative=0.9887)
1440	1	(prob=0.0000,cumulative=0.9887)
1442	1	(prob=0.0000,cumulative=0.9887)
1443	1	(prob=0.0000,cumulative=0.9887)
1444	1	(prob=0.0000,cumulative=0.9887)
1446	1	(prob=0.0000,cumulative=0.9888)
1447	1	(prob=0.0000,cumulative=0.9888)
1448	2	(prob=0.0000,cumulative=0.9888)
1449	1	(prob=0.0000,cumulative=0.9888)
1450	1	(prob=0.0000,cumulative=0.9888)
1451	1	(prob=0.0000,cumulative=0.9888)
1452	3	(prob=0.0000,cumulative=0.9888)
1454	1	(prob=0.0000,cumulative=0.9889)
1455	2	(prob=0.0000,cumulative=0.9889)
1456	1	(prob=0.0000,cumulative=0.9889)
1457	1	(prob=0.0000,cumulative=0.9889)
1458	2	(prob=0.0000,cumulative=0.9889)
1459	1	(prob=0.0000,cumulative=0.9889)
1460	1	(prob=0.0000,cumulative=0.9889)
1461	4	(prob=0.0000,cumulative=0.9890)
1462	1	(prob=0.0000,cumulative=0.9890)
1463	3	(prob=0.0000,cumulative=0.9890)
1464	2	(prob=0.0000,cumulative=0.9890)
1465	1	(prob=0.0000,cumulative=0.9890)
1466	3	(prob=0.0000,cumulative=0.9891)
1467	2	(prob=0.0000,cumulative=0.9891)
1468	3	(prob=0.0000,cumulative=0.9891)
1470	1	(prob=0.0000,cumulative=0.9891)
1471	1	(prob=0.0000,cumulative=0.9891)
1474	1	(prob=0.0000,cumulative=0.9892)
1475	1	(prob=0.0000,cumulative=0.9892)
1476	1	(prob=0.0000,cumulative=0.9892)
1477	3	(prob=0.0000,cumulative=0.9892)
1478	1	(prob=0.0000,cumulative=0.9892)
1479	2	(prob=0.0000,cumulative=0.9892)
1480	1	(prob=0.0000,cumulative=0.9892)
1481	1	(prob=0.0000,cumulative=0.9893)
1482	2	(prob=0.0000,cumulative=0.9893)
1483	2	(prob=0.0000,cumulative=0.9893)
1484	1	(prob=0.0000,cumulative=0.9893)
1485	1	(prob=0.0000,cumulative=0.9893)
1486	3	(prob=0.0000,cumulative=0.9893)
1487	1	(prob=0.0000,cumulative=0.9894)
1488	3	(prob=0.0000,cumulative=0.9894)
1489	1	(prob=0.0000,cumulative=0.9894)
1490	1	(prob=0.0000,cumulative=0.9894)
1492	1	(prob=0.0000,cumulative=0.9894)
1494	2	(prob=0.0000,cumulative=0.9894)
1495	1	(prob=0.0000,cumulative=0.9894)
1496	1	(prob=0.0000,cumulative=0.9895)
1497	1	(prob=0.0000,cumulative=0.9895)
1499	2	(prob=0.0000,cumulative=0.9895)
1501	1	(prob=0.0000,cumulative=0.9895)
1502	6	(prob=0.0001,cumulative=0.9896)
1506	5	(prob=0.0000,cumulative=0.9896)
1508	1	(prob=0.0000,cumulative=0.9896)
1509	1	(prob=0.0000,cumulative=0.9896)
1510	1	(prob=0.0000,cumulative=0.9896)
1511	1	(prob=0.0000,cumulative=0.9896)
1513	1	(prob=0.0000,cumulative=0.9897)
1514	2	(prob=0.0000,cumulative=0.9897)
1515	2	(prob=0.0000,cumulative=0.9897)
1516	1	(prob=0.0000,cumulative=0.9897)
1518	1	(prob=0.0000,cumulative=0.9897)
1519	1	(prob=0.0000,cumulative=0.9897)
1520	3	(prob=0.0000,cumulative=0.9898)
1522	2	(prob=0.0000,cumulative=0.9898)
1523	1	(prob=0.0000,cumulative=0.9898)
1524	2	(prob=0.0000,cumulative=0.9898)
1527	3	(prob=0.0000,cumulative=0.9898)
1528	2	(prob=0.0000,cumulative=0.9899)
1529	3	(prob=0.0000,cumulative=0.9899)
1531	2	(prob=0.0000,cumulative=0.9899)
1532	1	(prob=0.0000,cumulative=0.9899)
1535	2	(prob=0.0000,cumulative=0.9899)
1536	1	(prob=0.0000,cumulative=0.9899)
1537	2	(prob=0.0000,cumulative=0.9900)
1538	2	(prob=0.0000,cumulative=0.9900)
1540	1	(prob=0.0000,cumulative=0.9900)
1541	1	(prob=0.0000,cumulative=0.9900)
1543	1	(prob=0.0000,cumulative=0.9900)
1544	2	(prob=0.0000,cumulative=0.9900)
1547	3	(prob=0.0000,cumulative=0.9901)
1548	1	(prob=0.0000,cumulative=0.9901)
1550	2	(prob=0.0000,cumulative=0.9901)
1552	3	(prob=0.0000,cumulative=0.9901)
1553	1	(prob=0.0000,cumulative=0.9901)
1555	1	(prob=0.0000,cumulative=0.9901)
1559	1	(prob=0.0000,cumulative=0.9901)
1561	2	(prob=0.0000,cumulative=0.9902)
1563	1	(prob=0.0000,cumulative=0.9902)
1564	4	(prob=0.0000,cumulative=0.9902)
1565	2	(prob=0.0000,cumulative=0.9902)
1567	5	(prob=0.0000,cumulative=0.9903)
1569	1	(prob=0.0000,cumulative=0.9903)
1572	1	(prob=0.0000,cumulative=0.9903)
1573	2	(prob=0.0000,cumulative=0.9903)
1574	1	(prob=0.0000,cumulative=0.9903)
1575	3	(prob=0.0000,cumulative=0.9904)
1576	4	(prob=0.0000,cumulative=0.9904)
1577	1	(prob=0.0000,cumulative=0.9904)
1578	2	(prob=0.0000,cumulative=0.9904)
1579	1	(prob=0.0000,cumulative=0.9904)
1580	2	(prob=0.0000,cumulative=0.9905)
1582	1	(prob=0.0000,cumulative=0.9905)
1584	2	(prob=0.0000,cumulative=0.9905)
1585	1	(prob=0.0000,cumulative=0.9905)
1589	2	(prob=0.0000,cumulative=0.9905)
1590	1	(prob=0.0000,cumulative=0.9905)
1591	2	(prob=0.0000,cumulative=0.9906)
1593	2	(prob=0.0000,cumulative=0.9906)
1594	1	(prob=0.0000,cumulative=0.9906)
1595	1	(prob=0.0000,cumulative=0.9906)
1596	2	(prob=0.0000,cumulative=0.9906)
1598	4	(prob=0.0000,cumulative=0.9907)
1602	2	(prob=0.0000,cumulative=0.9907)
1603	1	(prob=0.0000,cumulative=0.9907)
1606	2	(prob=0.0000,cumulative=0.9907)
1607	1	(prob=0.0000,cumulative=0.9907)
1608	2	(prob=0.0000,cumulative=0.9907)
1611	1	(prob=0.0000,cumulative=0.9907)
1612	2	(prob=0.0000,cumulative=0.9908)
1614	4	(prob=0.0000,cumulative=0.9908)
1615	3	(prob=0.0000,cumulative=0.9908)
1616	2	(prob=0.0000,cumulative=0.9909)
1617	3	(prob=0.0000,cumulative=0.9909)
1619	2	(prob=0.0000,cumulative=0.9909)
1620	1	(prob=0.0000,cumulative=0.9909)
1621	1	(prob=0.0000,cumulative=0.9909)
1622	1	(prob=0.0000,cumulative=0.9909)
1625	1	(prob=0.0000,cumulative=0.9909)
1627	1	(prob=0.0000,cumulative=0.9910)
1628	3	(prob=0.0000,cumulative=0.9910)
1629	2	(prob=0.0000,cumulative=0.9910)
1631	2	(prob=0.0000,cumulative=0.9910)
1632	3	(prob=0.0000,cumulative=0.9911)
1633	1	(prob=0.0000,cumulative=0.9911)
1634	1	(prob=0.0000,cumulative=0.9911)
1635	3	(prob=0.0000,cumulative=0.9911)
1636	1	(prob=0.0000,cumulative=0.9911)
1637	2	(prob=0.0000,cumulative=0.9911)
1638	2	(prob=0.0000,cumulative=0.9912)
1641	1	(prob=0.0000,cumulative=0.9912)
1642	2	(prob=0.0000,cumulative=0.9912)
1643	1	(prob=0.0000,cumulative=0.9912)
1644	1	(prob=0.0000,cumulative=0.9912)
1646	2	(prob=0.0000,cumulative=0.9912)
1647	2	(prob=0.0000,cumulative=0.9912)
1648	1	(prob=0.0000,cumulative=0.9913)
1649	1	(prob=0.0000,cumulative=0.9913)
1650	1	(prob=0.0000,cumulative=0.9913)
1651	1	(prob=0.0000,cumulative=0.9913)
1653	2	(prob=0.0000,cumulative=0.9913)
1654	1	(prob=0.0000,cumulative=0.9913)
1655	2	(prob=0.0000,cumulative=0.9913)
1656	1	(prob=0.0000,cumulative=0.9913)
1657	1	(prob=0.0000,cumulative=0.9914)
1659	2	(prob=0.0000,cumulative=0.9914)
1661	1	(prob=0.0000,cumulative=0.9914)
1663	1	(prob=0.0000,cumulative=0.9914)
1665	2	(prob=0.0000,cumulative=0.9914)
1667	1	(prob=0.0000,cumulative=0.9914)
1669	4	(prob=0.0000,cumulative=0.9915)
1671	1	(prob=0.0000,cumulative=0.9915)
1672	2	(prob=0.0000,cumulative=0.9915)
1674	1	(prob=0.0000,cumulative=0.9915)
1675	2	(prob=0.0000,cumulative=0.9915)
1678	1	(prob=0.0000,cumulative=0.9915)
1679	1	(prob=0.0000,cumulative=0.9915)
1681	1	(prob=0.0000,cumulative=0.9916)
1684	2	(prob=0.0000,cumulative=0.9916)
1689	2	(prob=0.0000,cumulative=0.9916)
1690	3	(prob=0.0000,cumulative=0.9916)
1692	1	(prob=0.0000,cumulative=0.9916)
1694	4	(prob=0.0000,cumulative=0.9917)
1695	2	(prob=0.0000,cumulative=0.9917)
1696	1	(prob=0.0000,cumulative=0.9917)
1697	1	(prob=0.0000,cumulative=0.9917)
1702	2	(prob=0.0000,cumulative=0.9917)
1706	2	(prob=0.0000,cumulative=0.9917)
1708	1	(prob=0.0000,cumulative=0.9918)
1709	1	(prob=0.0000,cumulative=0.9918)
1710	1	(prob=0.0000,cumulative=0.9918)
1711	2	(prob=0.0000,cumulative=0.9918)
1712	1	(prob=0.0000,cumulative=0.9918)
1714	4	(prob=0.0000,cumulative=0.9918)
1719	2	(prob=0.0000,cumulative=0.9919)
1720	1	(prob=0.0000,cumulative=0.9919)
1721	3	(prob=0.0000,cumulative=0.9919)
1722	1	(prob=0.0000,cumulative=0.9919)
1724	1	(prob=0.0000,cumulative=0.9919)
1725	1	(prob=0.0000,cumulative=0.9919)
1727	1	(prob=0.0000,cumulative=0.9919)
1730	1	(prob=0.0000,cumulative=0.9920)
1731	1	(prob=0.0000,cumulative=0.9920)
1734	1	(prob=0.0000,cumulative=0.9920)
1735	5	(prob=0.0000,cumulative=0.9920)
1736	1	(prob=0.0000,cumulative=0.9920)
1737	2	(prob=0.0000,cumulative=0.9921)
1738	1	(prob=0.0000,cumulative=0.9921)
1739	2	(prob=0.0000,cumulative=0.9921)
1740	1	(prob=0.0000,cumulative=0.9921)
1741	1	(prob=0.0000,cumulative=0.9921)
1744	1	(prob=0.0000,cumulative=0.9921)
1745	2	(prob=0.0000,cumulative=0.9921)
1747	1	(prob=0.0000,cumulative=0.9921)
1750	1	(prob=0.0000,cumulative=0.9922)
1752	1	(prob=0.0000,cumulative=0.9922)
1753	1	(prob=0.0000,cumulative=0.9922)
1754	1	(prob=0.0000,cumulative=0.9922)
1755	2	(prob=0.0000,cumulative=0.9922)
1756	1	(prob=0.0000,cumulative=0.9922)
1758	1	(prob=0.0000,cumulative=0.9922)
1759	1	(prob=0.0000,cumulative=0.9922)
1761	3	(prob=0.0000,cumulative=0.9923)
1763	2	(prob=0.0000,cumulative=0.9923)
1764	1	(prob=0.0000,cumulative=0.9923)
1769	1	(prob=0.0000,cumulative=0.9923)
1770	1	(prob=0.0000,cumulative=0.9923)
1771	1	(prob=0.0000,cumulative=0.9923)
1772	1	(prob=0.0000,cumulative=0.9923)
1776	2	(prob=0.0000,cumulative=0.9924)
1778	1	(prob=0.0000,cumulative=0.9924)
1779	1	(prob=0.0000,cumulative=0.9924)
1783	1	(prob=0.0000,cumulative=0.9924)
1784	1	(prob=0.0000,cumulative=0.9924)
1786	1	(prob=0.0000,cumulative=0.9924)
1788	4	(prob=0.0000,cumulative=0.9924)
1798	2	(prob=0.0000,cumulative=0.9925)
1800	1	(prob=0.0000,cumulative=0.9925)
1801	1	(prob=0.0000,cumulative=0.9925)
1803	2	(prob=0.0000,cumulative=0.9925)
1806	1	(prob=0.0000,cumulative=0.9925)
1809	2	(prob=0.0000,cumulative=0.9925)
1811	2	(prob=0.0000,cumulative=0.9926)
1812	3	(prob=0.0000,cumulative=0.9926)
1813	1	(prob=0.0000,cumulative=0.9926)
1814	1	(prob=0.0000,cumulative=0.9926)
1820	1	(prob=0.0000,cumulative=0.9926)
1823	1	(prob=0.0000,cumulative=0.9926)
1824	1	(prob=0.0000,cumulative=0.9926)
1826	1	(prob=0.0000,cumulative=0.9926)
1827	1	(prob=0.0000,cumulative=0.9927)
1830	1	(prob=0.0000,cumulative=0.9927)
1831	1	(prob=0.0000,cumulative=0.9927)
1833	2	(prob=0.0000,cumulative=0.9927)
1834	1	(prob=0.0000,cumulative=0.9927)
1836	1	(prob=0.0000,cumulative=0.9927)
1837	1	(prob=0.0000,cumulative=0.9927)
1838	2	(prob=0.0000,cumulative=0.9927)
1839	1	(prob=0.0000,cumulative=0.9928)
1842	1	(prob=0.0000,cumulative=0.9928)
1843	1	(prob=0.0000,cumulative=0.9928)
1845	1	(prob=0.0000,cumulative=0.9928)
1849	1	(prob=0.0000,cumulative=0.9928)
1850	1	(prob=0.0000,cumulative=0.9928)
1852	1	(prob=0.0000,cumulative=0.9928)
1853	1	(prob=0.0000,cumulative=0.9928)
1854	1	(prob=0.0000,cumulative=0.9928)
1856	1	(prob=0.0000,cumulative=0.9928)
1857	3	(prob=0.0000,cumulative=0.9929)
1858	1	(prob=0.0000,cumulative=0.9929)
1861	1	(prob=0.0000,cumulative=0.9929)
1862	2	(prob=0.0000,cumulative=0.9929)
1863	4	(prob=0.0000,cumulative=0.9930)
1866	1	(prob=0.0000,cumulative=0.9930)
1868	1	(prob=0.0000,cumulative=0.9930)
1873	1	(prob=0.0000,cumulative=0.9930)
1874	1	(prob=0.0000,cumulative=0.9930)
1876	1	(prob=0.0000,cumulative=0.9930)
1878	2	(prob=0.0000,cumulative=0.9930)
1883	1	(prob=0.0000,cumulative=0.9930)
1886	2	(prob=0.0000,cumulative=0.9931)
1888	1	(prob=0.0000,cumulative=0.9931)
1889	1	(prob=0.0000,cumulative=0.9931)
1890	1	(prob=0.0000,cumulative=0.9931)
1895	1	(prob=0.0000,cumulative=0.9931)
1897	2	(prob=0.0000,cumulative=0.9931)
1898	1	(prob=0.0000,cumulative=0.9931)
1900	1	(prob=0.0000,cumulative=0.9931)
1901	2	(prob=0.0000,cumulative=0.9932)
1902	1	(prob=0.0000,cumulative=0.9932)
1908	1	(prob=0.0000,cumulative=0.9932)
1909	1	(prob=0.0000,cumulative=0.9932)
1911	2	(prob=0.0000,cumulative=0.9932)
1912	1	(prob=0.0000,cumulative=0.9932)
1913	1	(prob=0.0000,cumulative=0.9932)
1914	3	(prob=0.0000,cumulative=0.9933)
1915	1	(prob=0.0000,cumulative=0.9933)
1916	1	(prob=0.0000,cumulative=0.9933)
1917	1	(prob=0.0000,cumulative=0.9933)
1918	1	(prob=0.0000,cumulative=0.9933)
1919	2	(prob=0.0000,cumulative=0.9933)
1924	1	(prob=0.0000,cumulative=0.9933)
1926	1	(prob=0.0000,cumulative=0.9933)
1928	1	(prob=0.0000,cumulative=0.9933)
1929	2	(prob=0.0000,cumulative=0.9934)
1934	1	(prob=0.0000,cumulative=0.9934)
1939	1	(prob=0.0000,cumulative=0.9934)
1945	1	(prob=0.0000,cumulative=0.9934)
1946	1	(prob=0.0000,cumulative=0.9934)
1947	2	(prob=0.0000,cumulative=0.9934)
1949	1	(prob=0.0000,cumulative=0.9934)
1950	2	(prob=0.0000,cumulative=0.9934)
1952	1	(prob=0.0000,cumulative=0.9935)
1953	4	(prob=0.0000,cumulative=0.9935)
1956	1	(prob=0.0000,cumulative=0.9935)
1959	3	(prob=0.0000,cumulative=0.9935)
1960	1	(prob=0.0000,cumulative=0.9935)
1962	1	(prob=0.0000,cumulative=0.9936)
1963	1	(prob=0.0000,cumulative=0.9936)
1965	2	(prob=0.0000,cumulative=0.9936)
1967	1	(prob=0.0000,cumulative=0.9936)
1968	2	(prob=0.0000,cumulative=0.9936)
1969	1	(prob=0.0000,cumulative=0.9936)
1971	2	(prob=0.0000,cumulative=0.9936)
1972	2	(prob=0.0000,cumulative=0.9937)
1973	1	(prob=0.0000,cumulative=0.9937)
1975	1	(prob=0.0000,cumulative=0.9937)
1976	1	(prob=0.0000,cumulative=0.9937)
1977	1	(prob=0.0000,cumulative=0.9937)
1978	2	(prob=0.0000,cumulative=0.9937)
1980	1	(prob=0.0000,cumulative=0.9937)
1987	2	(prob=0.0000,cumulative=0.9938)
1995	1	(prob=0.0000,cumulative=0.9938)
1999	1	(prob=0.0000,cumulative=0.9938)
2001	1	(prob=0.0000,cumulative=0.9938)
2003	1	(prob=0.0000,cumulative=0.9938)
2006	1	(prob=0.0000,cumulative=0.9938)
2008	2	(prob=0.0000,cumulative=0.9938)
2010	4	(prob=0.0000,cumulative=0.9939)
2012	1	(prob=0.0000,cumulative=0.9939)
2014	1	(prob=0.0000,cumulative=0.9939)
2018	1	(prob=0.0000,cumulative=0.9939)
2021	2	(prob=0.0000,cumulative=0.9939)
2028	3	(prob=0.0000,cumulative=0.9939)
2033	1	(prob=0.0000,cumulative=0.9940)
2034	2	(prob=0.0000,cumulative=0.9940)
2035	1	(prob=0.0000,cumulative=0.9940)
2037	2	(prob=0.0000,cumulative=0.9940)
2039	1	(prob=0.0000,cumulative=0.9940)
2042	1	(prob=0.0000,cumulative=0.9940)
2044	1	(prob=0.0000,cumulative=0.9940)
2045	2	(prob=0.0000,cumulative=0.9941)
2046	3	(prob=0.0000,cumulative=0.9941)
2052	1	(prob=0.0000,cumulative=0.9941)
2054	2	(prob=0.0000,cumulative=0.9941)
2055	1	(prob=0.0000,cumulative=0.9941)
2057	1	(prob=0.0000,cumulative=0.9941)
2058	1	(prob=0.0000,cumulative=0.9941)
2059	1	(prob=0.0000,cumulative=0.9942)
2063	1	(prob=0.0000,cumulative=0.9942)
2064	1	(prob=0.0000,cumulative=0.9942)
2066	2	(prob=0.0000,cumulative=0.9942)
2070	1	(prob=0.0000,cumulative=0.9942)
2071	2	(prob=0.0000,cumulative=0.9942)
2077	1	(prob=0.0000,cumulative=0.9942)
2079	3	(prob=0.0000,cumulative=0.9943)
2080	1	(prob=0.0000,cumulative=0.9943)
2082	1	(prob=0.0000,cumulative=0.9943)
2085	1	(prob=0.0000,cumulative=0.9943)
2087	1	(prob=0.0000,cumulative=0.9943)
2092	1	(prob=0.0000,cumulative=0.9943)
2099	1	(prob=0.0000,cumulative=0.9943)
2100	1	(prob=0.0000,cumulative=0.9943)
2106	2	(prob=0.0000,cumulative=0.9944)
2110	1	(prob=0.0000,cumulative=0.9944)
2113	1	(prob=0.0000,cumulative=0.9944)
2117	1	(prob=0.0000,cumulative=0.9944)
2118	1	(prob=0.0000,cumulative=0.9944)
2124	1	(prob=0.0000,cumulative=0.9944)
2134	1	(prob=0.0000,cumulative=0.9944)
2135	1	(prob=0.0000,cumulative=0.9944)
2137	2	(prob=0.0000,cumulative=0.9944)
2138	2	(prob=0.0000,cumulative=0.9945)
2139	1	(prob=0.0000,cumulative=0.9945)
2141	1	(prob=0.0000,cumulative=0.9945)
2144	1	(prob=0.0000,cumulative=0.9945)
2146	1	(prob=0.0000,cumulative=0.9945)
2148	1	(prob=0.0000,cumulative=0.9945)
2149	1	(prob=0.0000,cumulative=0.9945)
2151	2	(prob=0.0000,cumulative=0.9945)
2154	1	(prob=0.0000,cumulative=0.9946)
2157	1	(prob=0.0000,cumulative=0.9946)
2162	2	(prob=0.0000,cumulative=0.9946)
2163	1	(prob=0.0000,cumulative=0.9946)
2164	3	(prob=0.0000,cumulative=0.9946)
2166	1	(prob=0.0000,cumulative=0.9946)
2167	2	(prob=0.0000,cumulative=0.9947)
2170	1	(prob=0.0000,cumulative=0.9947)
2171	3	(prob=0.0000,cumulative=0.9947)
2172	1	(prob=0.0000,cumulative=0.9947)
2183	1	(prob=0.0000,cumulative=0.9947)
2191	1	(prob=0.0000,cumulative=0.9947)
2193	1	(prob=0.0000,cumulative=0.9947)
2196	1	(prob=0.0000,cumulative=0.9947)
2198	2	(prob=0.0000,cumulative=0.9948)
2202	1	(prob=0.0000,cumulative=0.9948)
2203	1	(prob=0.0000,cumulative=0.9948)
2204	1	(prob=0.0000,cumulative=0.9948)
2206	1	(prob=0.0000,cumulative=0.9948)
2208	1	(prob=0.0000,cumulative=0.9948)
2209	1	(prob=0.0000,cumulative=0.9948)
2211	2	(prob=0.0000,cumulative=0.9948)
2220	1	(prob=0.0000,cumulative=0.9949)
2221	1	(prob=0.0000,cumulative=0.9949)
2222	1	(prob=0.0000,cumulative=0.9949)
2224	1	(prob=0.0000,cumulative=0.9949)
2225	1	(prob=0.0000,cumulative=0.9949)
2226	1	(prob=0.0000,cumulative=0.9949)
2228	1	(prob=0.0000,cumulative=0.9949)
2229	2	(prob=0.0000,cumulative=0.9949)
2232	1	(prob=0.0000,cumulative=0.9949)
2237	1	(prob=0.0000,cumulative=0.9950)
2239	1	(prob=0.0000,cumulative=0.9950)
2242	1	(prob=0.0000,cumulative=0.9950)
2248	2	(prob=0.0000,cumulative=0.9950)
2250	1	(prob=0.0000,cumulative=0.9950)
2259	1	(prob=0.0000,cumulative=0.9950)
2261	1	(prob=0.0000,cumulative=0.9950)
2262	1	(prob=0.0000,cumulative=0.9950)
2263	1	(prob=0.0000,cumulative=0.9950)
2266	1	(prob=0.0000,cumulative=0.9950)
2269	1	(prob=0.0000,cumulative=0.9951)
2270	2	(prob=0.0000,cumulative=0.9951)
2277	2	(prob=0.0000,cumulative=0.9951)
2278	1	(prob=0.0000,cumulative=0.9951)
2279	1	(prob=0.0000,cumulative=0.9951)
2280	2	(prob=0.0000,cumulative=0.9951)
2281	1	(prob=0.0000,cumulative=0.9951)
2286	2	(prob=0.0000,cumulative=0.9952)
2288	1	(prob=0.0000,cumulative=0.9952)
2294	2	(prob=0.0000,cumulative=0.9952)
2298	1	(prob=0.0000,cumulative=0.9952)
2300	1	(prob=0.0000,cumulative=0.9952)
2304	2	(prob=0.0000,cumulative=0.9952)
2306	1	(prob=0.0000,cumulative=0.9952)
2313	2	(prob=0.0000,cumulative=0.9953)
2317	1	(prob=0.0000,cumulative=0.9953)
2318	1	(prob=0.0000,cumulative=0.9953)
2319	1	(prob=0.0000,cumulative=0.9953)
2323	1	(prob=0.0000,cumulative=0.9953)
2325	1	(prob=0.0000,cumulative=0.9953)
2328	1	(prob=0.0000,cumulative=0.9953)
2330	3	(prob=0.0000,cumulative=0.9954)
2331	1	(prob=0.0000,cumulative=0.9954)
2332	1	(prob=0.0000,cumulative=0.9954)
2333	1	(prob=0.0000,cumulative=0.9954)
2338	2	(prob=0.0000,cumulative=0.9954)
2340	1	(prob=0.0000,cumulative=0.9954)
2343	1	(prob=0.0000,cumulative=0.9954)
2344	1	(prob=0.0000,cumulative=0.9954)
2345	2	(prob=0.0000,cumulative=0.9955)
2349	2	(prob=0.0000,cumulative=0.9955)
2352	1	(prob=0.0000,cumulative=0.9955)
2355	2	(prob=0.0000,cumulative=0.9955)
2369	2	(prob=0.0000,cumulative=0.9955)
2375	1	(prob=0.0000,cumulative=0.9955)
2380	1	(prob=0.0000,cumulative=0.9955)
2387	1	(prob=0.0000,cumulative=0.9956)
2390	1	(prob=0.0000,cumulative=0.9956)
2393	2	(prob=0.0000,cumulative=0.9956)
2394	1	(prob=0.0000,cumulative=0.9956)
2401	1	(prob=0.0000,cumulative=0.9956)
2403	1	(prob=0.0000,cumulative=0.9956)
2405	1	(prob=0.0000,cumulative=0.9956)
2406	1	(prob=0.0000,cumulative=0.9956)
2407	1	(prob=0.0000,cumulative=0.9956)
2408	1	(prob=0.0000,cumulative=0.9957)
2410	2	(prob=0.0000,cumulative=0.9957)
2412	1	(prob=0.0000,cumulative=0.9957)
2420	1	(prob=0.0000,cumulative=0.9957)
2421	1	(prob=0.0000,cumulative=0.9957)
2431	1	(prob=0.0000,cumulative=0.9957)
2432	2	(prob=0.0000,cumulative=0.9957)
2433	1	(prob=0.0000,cumulative=0.9957)
2434	3	(prob=0.0000,cumulative=0.9958)
2435	1	(prob=0.0000,cumulative=0.9958)
2449	1	(prob=0.0000,cumulative=0.9958)
2451	1	(prob=0.0000,cumulative=0.9958)
2453	1	(prob=0.0000,cumulative=0.9958)
2458	1	(prob=0.0000,cumulative=0.9958)
2481	1	(prob=0.0000,cumulative=0.9958)
2486	1	(prob=0.0000,cumulative=0.9958)
2487	1	(prob=0.0000,cumulative=0.9959)
2492	1	(prob=0.0000,cumulative=0.9959)
2498	2	(prob=0.0000,cumulative=0.9959)
2503	1	(prob=0.0000,cumulative=0.9959)
2505	1	(prob=0.0000,cumulative=0.9959)
2508	2	(prob=0.0000,cumulative=0.9959)
2510	1	(prob=0.0000,cumulative=0.9959)
2520	1	(prob=0.0000,cumulative=0.9959)
2522	1	(prob=0.0000,cumulative=0.9960)
2529	2	(prob=0.0000,cumulative=0.9960)
2533	1	(prob=0.0000,cumulative=0.9960)
2534	1	(prob=0.0000,cumulative=0.9960)
2538	1	(prob=0.0000,cumulative=0.9960)
2540	1	(prob=0.0000,cumulative=0.9960)
2544	1	(prob=0.0000,cumulative=0.9960)
2548	1	(prob=0.0000,cumulative=0.9960)
2550	1	(prob=0.0000,cumulative=0.9960)
2552	2	(prob=0.0000,cumulative=0.9961)
2553	2	(prob=0.0000,cumulative=0.9961)
2554	1	(prob=0.0000,cumulative=0.9961)
2562	1	(prob=0.0000,cumulative=0.9961)
2565	1	(prob=0.0000,cumulative=0.9961)
2574	1	(prob=0.0000,cumulative=0.9961)
2580	2	(prob=0.0000,cumulative=0.9961)
2586	1	(prob=0.0000,cumulative=0.9962)
2589	1	(prob=0.0000,cumulative=0.9962)
2596	1	(prob=0.0000,cumulative=0.9962)
2598	1	(prob=0.0000,cumulative=0.9962)
2603	1	(prob=0.0000,cumulative=0.9962)
2611	1	(prob=0.0000,cumulative=0.9962)
2612	1	(prob=0.0000,cumulative=0.9962)
2614	1	(prob=0.0000,cumulative=0.9962)
2618	1	(prob=0.0000,cumulative=0.9962)
2630	1	(prob=0.0000,cumulative=0.9962)
2638	1	(prob=0.0000,cumulative=0.9963)
2640	1	(prob=0.0000,cumulative=0.9963)
2646	1	(prob=0.0000,cumulative=0.9963)
2647	1	(prob=0.0000,cumulative=0.9963)
2652	1	(prob=0.0000,cumulative=0.9963)
2653	2	(prob=0.0000,cumulative=0.9963)
2655	1	(prob=0.0000,cumulative=0.9963)
2666	1	(prob=0.0000,cumulative=0.9963)
2669	1	(prob=0.0000,cumulative=0.9963)
2674	1	(prob=0.0000,cumulative=0.9964)
2675	1	(prob=0.0000,cumulative=0.9964)
2677	1	(prob=0.0000,cumulative=0.9964)
2679	1	(prob=0.0000,cumulative=0.9964)
2682	1	(prob=0.0000,cumulative=0.9964)
2685	1	(prob=0.0000,cumulative=0.9964)
2686	1	(prob=0.0000,cumulative=0.9964)
2687	1	(prob=0.0000,cumulative=0.9964)
2690	1	(prob=0.0000,cumulative=0.9964)
2700	2	(prob=0.0000,cumulative=0.9965)
2704	1	(prob=0.0000,cumulative=0.9965)
2706	1	(prob=0.0000,cumulative=0.9965)
2713	2	(prob=0.0000,cumulative=0.9965)
2726	1	(prob=0.0000,cumulative=0.9965)
2733	1	(prob=0.0000,cumulative=0.9965)
2741	1	(prob=0.0000,cumulative=0.9965)
2750	1	(prob=0.0000,cumulative=0.9965)
2753	1	(prob=0.0000,cumulative=0.9965)
2755	2	(prob=0.0000,cumulative=0.9966)
2762	1	(prob=0.0000,cumulative=0.9966)
2765	1	(prob=0.0000,cumulative=0.9966)
2766	1	(prob=0.0000,cumulative=0.9966)
2768	1	(prob=0.0000,cumulative=0.9966)
2769	1	(prob=0.0000,cumulative=0.9966)
2771	1	(prob=0.0000,cumulative=0.9966)
2784	1	(prob=0.0000,cumulative=0.9966)
2787	1	(prob=0.0000,cumulative=0.9966)
2788	1	(prob=0.0000,cumulative=0.9966)
2790	1	(prob=0.0000,cumulative=0.9967)
2792	1	(prob=0.0000,cumulative=0.9967)
2805	1	(prob=0.0000,cumulative=0.9967)
2807	1	(prob=0.0000,cumulative=0.9967)
2813	1	(prob=0.0000,cumulative=0.9967)
2818	1	(prob=0.0000,cumulative=0.9967)
2819	2	(prob=0.0000,cumulative=0.9967)
2824	1	(prob=0.0000,cumulative=0.9967)
2835	1	(prob=0.0000,cumulative=0.9967)
2843	1	(prob=0.0000,cumulative=0.9968)
2851	1	(prob=0.0000,cumulative=0.9968)
2852	1	(prob=0.0000,cumulative=0.9968)
2853	1	(prob=0.0000,cumulative=0.9968)
2857	1	(prob=0.0000,cumulative=0.9968)
2860	1	(prob=0.0000,cumulative=0.9968)
2862	1	(prob=0.0000,cumulative=0.9968)
2868	2	(prob=0.0000,cumulative=0.9968)
2869	1	(prob=0.0000,cumulative=0.9968)
2872	1	(prob=0.0000,cumulative=0.9969)
2876	1	(prob=0.0000,cumulative=0.9969)
2887	1	(prob=0.0000,cumulative=0.9969)
2892	1	(prob=0.0000,cumulative=0.9969)
2894	1	(prob=0.0000,cumulative=0.9969)
2895	1	(prob=0.0000,cumulative=0.9969)
2896	1	(prob=0.0000,cumulative=0.9969)
2914	1	(prob=0.0000,cumulative=0.9969)
2915	1	(prob=0.0000,cumulative=0.9969)
2919	1	(prob=0.0000,cumulative=0.9969)
2920	1	(prob=0.0000,cumulative=0.9970)
2921	1	(prob=0.0000,cumulative=0.9970)
2924	1	(prob=0.0000,cumulative=0.9970)
2925	1	(prob=0.0000,cumulative=0.9970)
2927	1	(prob=0.0000,cumulative=0.9970)
2937	1	(prob=0.0000,cumulative=0.9970)
2940	1	(prob=0.0000,cumulative=0.9970)
2948	1	(prob=0.0000,cumulative=0.9970)
2952	1	(prob=0.0000,cumulative=0.9970)
2953	1	(prob=0.0000,cumulative=0.9970)
2954	1	(prob=0.0000,cumulative=0.9971)
2958	1	(prob=0.0000,cumulative=0.9971)
2959	1	(prob=0.0000,cumulative=0.9971)
2963	1	(prob=0.0000,cumulative=0.9971)
2971	2	(prob=0.0000,cumulative=0.9971)
2974	1	(prob=0.0000,cumulative=0.9971)
2978	1	(prob=0.0000,cumulative=0.9971)
2980	1	(prob=0.0000,cumulative=0.9971)
2991	1	(prob=0.0000,cumulative=0.9971)
2996	1	(prob=0.0000,cumulative=0.9972)
2997	1	(prob=0.0000,cumulative=0.9972)
3001	1	(prob=0.0000,cumulative=0.9972)
3005	1	(prob=0.0000,cumulative=0.9972)
3006	3	(prob=0.0000,cumulative=0.9972)
3008	1	(prob=0.0000,cumulative=0.9972)
3010	1	(prob=0.0000,cumulative=0.9972)
3011	1	(prob=0.0000,cumulative=0.9972)
3014	1	(prob=0.0000,cumulative=0.9973)
3016	1	(prob=0.0000,cumulative=0.9973)
3024	1	(prob=0.0000,cumulative=0.9973)
3025	1	(prob=0.0000,cumulative=0.9973)
3028	1	(prob=0.0000,cumulative=0.9973)
3037	1	(prob=0.0000,cumulative=0.9973)
3040	1	(prob=0.0000,cumulative=0.9973)
3048	2	(prob=0.0000,cumulative=0.9973)
3057	1	(prob=0.0000,cumulative=0.9973)
3058	1	(prob=0.0000,cumulative=0.9974)
3059	1	(prob=0.0000,cumulative=0.9974)
3075	1	(prob=0.0000,cumulative=0.9974)
3081	1	(prob=0.0000,cumulative=0.9974)
3082	1	(prob=0.0000,cumulative=0.9974)
3085	1	(prob=0.0000,cumulative=0.9974)
3091	1	(prob=0.0000,cumulative=0.9974)
3099	1	(prob=0.0000,cumulative=0.9974)
3110	1	(prob=0.0000,cumulative=0.9974)
3111	1	(prob=0.0000,cumulative=0.9974)
3114	1	(prob=0.0000,cumulative=0.9975)
3115	1	(prob=0.0000,cumulative=0.9975)
3117	1	(prob=0.0000,cumulative=0.9975)
3118	1	(prob=0.0000,cumulative=0.9975)
3123	1	(prob=0.0000,cumulative=0.9975)
3127	1	(prob=0.0000,cumulative=0.9975)
3129	1	(prob=0.0000,cumulative=0.9975)
3144	1	(prob=0.0000,cumulative=0.9975)
3155	1	(prob=0.0000,cumulative=0.9975)
3168	1	(prob=0.0000,cumulative=0.9975)
3184	1	(prob=0.0000,cumulative=0.9976)
3194	1	(prob=0.0000,cumulative=0.9976)
3195	1	(prob=0.0000,cumulative=0.9976)
3208	1	(prob=0.0000,cumulative=0.9976)
3223	1	(prob=0.0000,cumulative=0.9976)
3230	1	(prob=0.0000,cumulative=0.9976)
3232	1	(prob=0.0000,cumulative=0.9976)
3241	1	(prob=0.0000,cumulative=0.9976)
3244	1	(prob=0.0000,cumulative=0.9976)
3245	1	(prob=0.0000,cumulative=0.9976)
3266	1	(prob=0.0000,cumulative=0.9977)
3275	1	(prob=0.0000,cumulative=0.9977)
3282	1	(prob=0.0000,cumulative=0.9977)
3293	1	(prob=0.0000,cumulative=0.9977)
3301	1	(prob=0.0000,cumulative=0.9977)
3306	1	(prob=0.0000,cumulative=0.9977)
3312	1	(prob=0.0000,cumulative=0.9977)
3314	1	(prob=0.0000,cumulative=0.9977)
3315	1	(prob=0.0000,cumulative=0.9977)
3317	1	(prob=0.0000,cumulative=0.9977)
3320	1	(prob=0.0000,cumulative=0.9978)
3324	1	(prob=0.0000,cumulative=0.9978)
3334	1	(prob=0.0000,cumulative=0.9978)
3342	1	(prob=0.0000,cumulative=0.9978)
3355	1	(prob=0.0000,cumulative=0.9978)
3368	1	(prob=0.0000,cumulative=0.9978)
3374	1	(prob=0.0000,cumulative=0.9978)
3375	1	(prob=0.0000,cumulative=0.9978)
3400	1	(prob=0.0000,cumulative=0.9978)
3405	1	(prob=0.0000,cumulative=0.9978)
3426	1	(prob=0.0000,cumulative=0.9979)
3427	2	(prob=0.0000,cumulative=0.9979)
3435	1	(prob=0.0000,cumulative=0.9979)
3465	1	(prob=0.0000,cumulative=0.9979)
3467	1	(prob=0.0000,cumulative=0.9979)
3483	1	(prob=0.0000,cumulative=0.9979)
3485	1	(prob=0.0000,cumulative=0.9979)
3489	1	(prob=0.0000,cumulative=0.9979)
3498	1	(prob=0.0000,cumulative=0.9979)
3500	1	(prob=0.0000,cumulative=0.9980)
3505	1	(prob=0.0000,cumulative=0.9980)
3507	2	(prob=0.0000,cumulative=0.9980)
3511	1	(prob=0.0000,cumulative=0.9980)
3530	1	(prob=0.0000,cumulative=0.9980)
3546	1	(prob=0.0000,cumulative=0.9980)
3569	1	(prob=0.0000,cumulative=0.9980)
3575	1	(prob=0.0000,cumulative=0.9980)
3578	1	(prob=0.0000,cumulative=0.9980)
3582	1	(prob=0.0000,cumulative=0.9981)
3583	1	(prob=0.0000,cumulative=0.9981)
3595	1	(prob=0.0000,cumulative=0.9981)
3609	1	(prob=0.0000,cumulative=0.9981)
3615	1	(prob=0.0000,cumulative=0.9981)
3629	1	(prob=0.0000,cumulative=0.9981)
3633	1	(prob=0.0000,cumulative=0.9981)
3645	1	(prob=0.0000,cumulative=0.9981)
3660	1	(prob=0.0000,cumulative=0.9981)
3690	1	(prob=0.0000,cumulative=0.9981)
3702	1	(prob=0.0000,cumulative=0.9982)
3726	1	(prob=0.0000,cumulative=0.9982)
3740	1	(prob=0.0000,cumulative=0.9982)
3765	1	(prob=0.0000,cumulative=0.9982)
3786	1	(prob=0.0000,cumulative=0.9982)
3803	1	(prob=0.0000,cumulative=0.9982)
3812	2	(prob=0.0000,cumulative=0.9982)
3824	1	(prob=0.0000,cumulative=0.9982)
3825	1	(prob=0.0000,cumulative=0.9982)
3827	1	(prob=0.0000,cumulative=0.9983)
3830	1	(prob=0.0000,cumulative=0.9983)
3831	1	(prob=0.0000,cumulative=0.9983)
3845	1	(prob=0.0000,cumulative=0.9983)
3849	1	(prob=0.0000,cumulative=0.9983)
3862	1	(prob=0.0000,cumulative=0.9983)
3864	1	(prob=0.0000,cumulative=0.9983)
3865	1	(prob=0.0000,cumulative=0.9983)
3872	1	(prob=0.0000,cumulative=0.9983)
3874	1	(prob=0.0000,cumulative=0.9983)
3898	1	(prob=0.0000,cumulative=0.9983)
3914	1	(prob=0.0000,cumulative=0.9984)
3916	1	(prob=0.0000,cumulative=0.9984)
3917	1	(prob=0.0000,cumulative=0.9984)
3923	1	(prob=0.0000,cumulative=0.9984)
3952	1	(prob=0.0000,cumulative=0.9984)
3979	1	(prob=0.0000,cumulative=0.9984)
4008	1	(prob=0.0000,cumulative=0.9984)
4010	1	(prob=0.0000,cumulative=0.9984)
4017	1	(prob=0.0000,cumulative=0.9984)
4021	1	(prob=0.0000,cumulative=0.9984)
4023	1	(prob=0.0000,cumulative=0.9985)
4026	1	(prob=0.0000,cumulative=0.9985)
4032	1	(prob=0.0000,cumulative=0.9985)
4061	1	(prob=0.0000,cumulative=0.9985)
4098	1	(prob=0.0000,cumulative=0.9985)
4115	2	(prob=0.0000,cumulative=0.9985)
4128	1	(prob=0.0000,cumulative=0.9985)
4134	1	(prob=0.0000,cumulative=0.9985)
4141	1	(prob=0.0000,cumulative=0.9985)
4150	1	(prob=0.0000,cumulative=0.9986)
4162	1	(prob=0.0000,cumulative=0.9986)
4176	1	(prob=0.0000,cumulative=0.9986)
4177	1	(prob=0.0000,cumulative=0.9986)
4193	2	(prob=0.0000,cumulative=0.9986)
4203	1	(prob=0.0000,cumulative=0.9986)
4205	1	(prob=0.0000,cumulative=0.9986)
4209	1	(prob=0.0000,cumulative=0.9986)
4214	1	(prob=0.0000,cumulative=0.9986)
4230	1	(prob=0.0000,cumulative=0.9987)
4238	1	(prob=0.0000,cumulative=0.9987)
4249	1	(prob=0.0000,cumulative=0.9987)
4338	1	(prob=0.0000,cumulative=0.9987)
4342	1	(prob=0.0000,cumulative=0.9987)
4353	1	(prob=0.0000,cumulative=0.9987)
4358	1	(prob=0.0000,cumulative=0.9987)
4366	1	(prob=0.0000,cumulative=0.9987)
4381	1	(prob=0.0000,cumulative=0.9987)
4386	1	(prob=0.0000,cumulative=0.9987)
4389	1	(prob=0.0000,cumulative=0.9988)
4432	1	(prob=0.0000,cumulative=0.9988)
4454	1	(prob=0.0000,cumulative=0.9988)
4462	1	(prob=0.0000,cumulative=0.9988)
4505	1	(prob=0.0000,cumulative=0.9988)
4509	1	(prob=0.0000,cumulative=0.9988)
4523	2	(prob=0.0000,cumulative=0.9988)
4528	2	(prob=0.0000,cumulative=0.9988)
4560	1	(prob=0.0000,cumulative=0.9989)
4561	1	(prob=0.0000,cumulative=0.9989)
4573	1	(prob=0.0000,cumulative=0.9989)
4592	1	(prob=0.0000,cumulative=0.9989)
4598	1	(prob=0.0000,cumulative=0.9989)
4611	1	(prob=0.0000,cumulative=0.9989)
4625	1	(prob=0.0000,cumulative=0.9989)
4638	1	(prob=0.0000,cumulative=0.9989)
4721	1	(prob=0.0000,cumulative=0.9989)
4737	1	(prob=0.0000,cumulative=0.9989)
4742	1	(prob=0.0000,cumulative=0.9990)
4745	1	(prob=0.0000,cumulative=0.9990)
4764	1	(prob=0.0000,cumulative=0.9990)
4775	1	(prob=0.0000,cumulative=0.9990)
4800	1	(prob=0.0000,cumulative=0.9990)
4801	1	(prob=0.0000,cumulative=0.9990)
4830	1	(prob=0.0000,cumulative=0.9990)
4857	1	(prob=0.0000,cumulative=0.9990)
4867	1	(prob=0.0000,cumulative=0.9990)
4878	1	(prob=0.0000,cumulative=0.9990)
4887	1	(prob=0.0000,cumulative=0.9991)
4894	1	(prob=0.0000,cumulative=0.9991)
4914	1	(prob=0.0000,cumulative=0.9991)
4928	1	(prob=0.0000,cumulative=0.9991)
4941	1	(prob=0.0000,cumulative=0.9991)
4963	1	(prob=0.0000,cumulative=0.9991)
4974	1	(prob=0.0000,cumulative=0.9991)
5018	1	(prob=0.0000,cumulative=0.9991)
5026	1	(prob=0.0000,cumulative=0.9991)
5046	1	(prob=0.0000,cumulative=0.9991)
5059	1	(prob=0.0000,cumulative=0.9992)
5063	1	(prob=0.0000,cumulative=0.9992)
5078	1	(prob=0.0000,cumulative=0.9992)
5085	1	(prob=0.0000,cumulative=0.9992)
5127	1	(prob=0.0000,cumulative=0.9992)
5134	1	(prob=0.0000,cumulative=0.9992)
5174	1	(prob=0.0000,cumulative=0.9992)
5212	1	(prob=0.0000,cumulative=0.9992)
5251	1	(prob=0.0000,cumulative=0.9992)
5321	1	(prob=0.0000,cumulative=0.9992)
5343	1	(prob=0.0000,cumulative=0.9993)
5348	1	(prob=0.0000,cumulative=0.9993)
5410	1	(prob=0.0000,cumulative=0.9993)
5450	1	(prob=0.0000,cumulative=0.9993)
5453	1	(prob=0.0000,cumulative=0.9993)
5459	1	(prob=0.0000,cumulative=0.9993)
5580	1	(prob=0.0000,cumulative=0.9993)
5598	1	(prob=0.0000,cumulative=0.9993)
5670	1	(prob=0.0000,cumulative=0.9993)
5704	1	(prob=0.0000,cumulative=0.9993)
5760	1	(prob=0.0000,cumulative=0.9994)
5778	1	(prob=0.0000,cumulative=0.9994)
5789	1	(prob=0.0000,cumulative=0.9994)
5920	1	(prob=0.0000,cumulative=0.9994)
5979	1	(prob=0.0000,cumulative=0.9994)
6075	1	(prob=0.0000,cumulative=0.9994)
6102	1	(prob=0.0000,cumulative=0.9994)
6128	1	(prob=0.0000,cumulative=0.9994)
6149	1	(prob=0.0000,cumulative=0.9994)
6165	1	(prob=0.0000,cumulative=0.9994)
6219	1	(prob=0.0000,cumulative=0.9995)
6257	1	(prob=0.0000,cumulative=0.9995)
6307	1	(prob=0.0000,cumulative=0.9995)
6309	1	(prob=0.0000,cumulative=0.9995)
6324	1	(prob=0.0000,cumulative=0.9995)
6464	1	(prob=0.0000,cumulative=0.9995)
6482	1	(prob=0.0000,cumulative=0.9995)
6585	1	(prob=0.0000,cumulative=0.9995)
6603	1	(prob=0.0000,cumulative=0.9995)
6677	1	(prob=0.0000,cumulative=0.9995)
6732	1	(prob=0.0000,cumulative=0.9996)
7086	1	(prob=0.0000,cumulative=0.9996)
7174	1	(prob=0.0000,cumulative=0.9996)
7432	1	(prob=0.0000,cumulative=0.9996)
7516	1	(prob=0.0000,cumulative=0.9996)
7543	1	(prob=0.0000,cumulative=0.9996)
7834	1	(prob=0.0000,cumulative=0.9996)
7920	1	(prob=0.0000,cumulative=0.9996)
8189	1	(prob=0.0000,cumulative=0.9996)
8340	1	(prob=0.0000,cumulative=0.9996)
8530	1	(prob=0.0000,cumulative=0.9997)
8920	1	(prob=0.0000,cumulative=0.9997)
8950	1	(prob=0.0000,cumulative=0.9997)
9070	1	(prob=0.0000,cumulative=0.9997)
9128	1	(prob=0.0000,cumulative=0.9997)
9140	1	(prob=0.0000,cumulative=0.9997)
9251	1	(prob=0.0000,cumulative=0.9997)
9301	1	(prob=0.0000,cumulative=0.9997)
9505	1	(prob=0.0000,cumulative=0.9997)
9531	1	(prob=0.0000,cumulative=0.9997)
9645	1	(prob=0.0000,cumulative=0.9998)
9793	1	(prob=0.0000,cumulative=0.9998)
10089	1	(prob=0.0000,cumulative=0.9998)
10332	1	(prob=0.0000,cumulative=0.9998)
10524	1	(prob=0.0000,cumulative=0.9998)
10556	1	(prob=0.0000,cumulative=0.9998)
10630	1	(prob=0.0000,cumulative=0.9998)
10831	1	(prob=0.0000,cumulative=0.9998)
10969	1	(prob=0.0000,cumulative=0.9998)
11238	1	(prob=0.0000,cumulative=0.9998)
11609	1	(prob=0.0000,cumulative=0.9999)
11752	1	(prob=0.0000,cumulative=0.9999)
11812	1	(prob=0.0000,cumulative=0.9999)
11922	1	(prob=0.0000,cumulative=0.9999)
12083	1	(prob=0.0000,cumulative=0.9999)
12502	1	(prob=0.0000,cumulative=0.9999)
13340	1	(prob=0.0000,cumulative=0.9999)
13472	1	(prob=0.0000,cumulative=0.9999)
14097	1	(prob=0.0000,cumulative=0.9999)
14126	1	(prob=0.0000,cumulative=0.9999)
14314	1	(prob=0.0000,cumulative=1.0000)
14597	1	(prob=0.0000,cumulative=1.0000)
14702	1	(prob=0.0000,cumulative=1.0000)
16383	1	(prob=0.0000,cumulative=1.0000)
16552	1	(prob=0.0000,cumulative=1.0000)
18349	1	(prob=0.0000,cumulative=1.0000)
